-- phpMyAdmin SQL Dump
-- version 4.7.4
-- https://www.phpmyadmin.net/
--
-- Host: 127.0.0.1
-- Generation Time: 16-Jan-2018 às 17:25
-- Versão do servidor: 10.1.29-MariaDB
-- PHP Version: 7.2.0

SET SQL_MODE = "NO_AUTO_VALUE_ON_ZERO";
SET AUTOCOMMIT = 0;
START TRANSACTION;
SET time_zone = "+00:00";


/*!40101 SET @OLD_CHARACTER_SET_CLIENT=@@CHARACTER_SET_CLIENT */;
/*!40101 SET @OLD_CHARACTER_SET_RESULTS=@@CHARACTER_SET_RESULTS */;
/*!40101 SET @OLD_COLLATION_CONNECTION=@@COLLATION_CONNECTION */;
/*!40101 SET NAMES utf8mb4 */;

--
-- Database: `site_cecor`
--

-- --------------------------------------------------------

--
-- Estrutura da tabela `agendamentos`
--

CREATE TABLE `agendamentos` (
  `id` int(11) NOT NULL,
  `nome` varchar(255) DEFAULT NULL,
  `email` varchar(255) DEFAULT NULL,
  `telefone` varchar(20) DEFAULT NULL,
  `dia` varchar(40) DEFAULT NULL,
  `parte_dia` int(11) NOT NULL,
  `mensagem` text NOT NULL
) ENGINE=InnoDB DEFAULT CHARSET=utf8;

--
-- Extraindo dados da tabela `agendamentos`
--

INSERT INTO `agendamentos` (`id`, `nome`, `email`, `telefone`, `dia`, `parte_dia`, `mensagem`) VALUES
(8, 'asdad', '12312', '(12) 3 2323-2332', '4', 2, 'asd'),
(9, 'asd', 'jardelnathan22@hotmail.com', '(', '2', 2, 'wda'),
(10, 'Jardel Nathan', 'jardelnathan22@hotmail.com', '(', '2', 2, ''),
(11, 'Jardel Nathan de Souza Rodrigues', 'jardelnathan22@hotmail.com', '(38) 9 9913-694', '5', 2, 'as');

-- --------------------------------------------------------

--
-- Estrutura da tabela `agendas`
--

CREATE TABLE `agendas` (
  `id` int(11) NOT NULL,
  `dia` varchar(30) DEFAULT NULL
) ENGINE=InnoDB DEFAULT CHARSET=utf8;

--
-- Extraindo dados da tabela `agendas`
--

INSERT INTO `agendas` (`id`, `dia`) VALUES
(1, 'Domingo'),
(2, 'Segunda-feira'),
(3, 'Terça-feira'),
(4, 'Quarta-feira'),
(5, 'Quinta-feira'),
(6, 'Sexta-feira'),
(7, 'Sábado');

-- --------------------------------------------------------

--
-- Estrutura da tabela `agendas_horarios`
--

CREATE TABLE `agendas_horarios` (
  `id` int(11) NOT NULL,
  `descricao` varchar(255) DEFAULT NULL,
  `agendas_id` int(11) NOT NULL
) ENGINE=InnoDB DEFAULT CHARSET=utf8;

--
-- Extraindo dados da tabela `agendas_horarios`
--

INSERT INTO `agendas_horarios` (`id`, `descricao`, `agendas_id`) VALUES
(1, '7:30 às 10:30 h - Complexo Médico Pró-vida - Endereço: Av. Nossa Sra. de Fátima, 719, São Judas Tadeu, Montes Claros - MG - Telefone: (38) 2211-6000', 2),
(3, '14:00 às 18:00 h - Otorrino Fisio Center - Endereço: Rua Santa Maria, 86, Centro, Montes Claros - MG - Telefone: (38) 3218-5000', 2),
(5, '7:00 às 12:00 h - Centro Cirúrgico Hospital Dilson Godinho - Endereço: Av. Geraldo Ataíde, 480, Alto São João, Montes Claros - MG - Telefone: (38) 3229-4000', 3),
(6, '14:00 às 18:00 h - Otorrino Fisio Center - Endereço: Rua Santa Maria, 86, Centro, Montes Claros - MG - Telefone: (38) 3218-5000', 3),
(7, '8:00 às 12:00 h - Otorrino Fisio Center - Endereço: Rua Santa Maria, 86, Centro, Montes Claros - MG - Telefone: (38) 3218-5000', 4),
(8, '13:30 às 16:30 h - Complexo Médico Pró-vida - Endereço: Av. Nossa Sra. de Fátima, 719, São Judas Tadeu, Montes Claros - MG - (38) 2211-6000', 4),
(9, '8:00 às 12:00 h - Clínica Medic Center - Endereço: Av. Bias Fortes, 1030 A, Dona Joaquina, Brasília de Minas - MG - Telefone: (38) 3231-3002', 5),
(10, '14:00 às 18:00 h - Centro cirúrgico do Hospital das Clínicas Mário Ribeiro - Endereço: Rua Plínio Ribeiro, 539, Jardim Brasil, Montes Claros - MG - Telefone: (38) 3218-8161', 5),
(11, '8:00 às 18:00 h - Otorrino Fisio Center - Endereço: Rua Santa Maria, 86, Centro, Montes Claros - MG - Telefone: (38) 3218-5000', 6),
(12, '14:00 às 18:00 h - Otorrino Fisio Center - Endereço: Rua Santa Maria, 86, Centro, Montes Claros - MG - Telefone: (38) 3218-5000', 6);

-- --------------------------------------------------------

--
-- Estrutura da tabela `banners`
--

CREATE TABLE `banners` (
  `id` int(11) NOT NULL,
  `titulo` varchar(255) NOT NULL,
  `imagem` varchar(45) DEFAULT NULL,
  `titulo_destaque` text NOT NULL,
  `descricao` varchar(255) DEFAULT NULL,
  `link` varchar(255) DEFAULT NULL
) ENGINE=InnoDB DEFAULT CHARSET=utf8;

--
-- Extraindo dados da tabela `banners`
--

INSERT INTO `banners` (`id`, `titulo`, `imagem`, `titulo_destaque`, `descricao`, `link`) VALUES
(4, 'Banner2                ', 'b1312dfb582a9a23014acc92d82e57cb.jpg', '<h1>Faça seu check-up<br>cardiológico conosco.                                     </h1>', '  <p>Credibilidade em equipe médica, segurança para sua saúde.</p>', 'http://10.0.0.115/cecor/sdas'),
(5, 'Banner 23', '130d938d5c8db24988a24bfda70b9ffb.jpg', '<h1>Faça seu check-up<br>cardiológico conosco.\r\n                                    </h1>', '  <p>Credibilidade em equipe médica, segurança para sua saúde.</p>', '');

-- --------------------------------------------------------

--
-- Estrutura da tabela `categorias_cirurgias`
--

CREATE TABLE `categorias_cirurgias` (
  `id` int(11) NOT NULL,
  `nome` varchar(255) DEFAULT NULL,
  `nome_url` varchar(255) DEFAULT NULL
) ENGINE=InnoDB DEFAULT CHARSET=utf8;

--
-- Extraindo dados da tabela `categorias_cirurgias`
--

INSERT INTO `categorias_cirurgias` (`id`, `nome`, `nome_url`) VALUES
(1, 'Estéticos da face', 'esteticos-da-face'),
(3, 'Crânio-Maxilo- Facial:', 'cranio-maxilo-facial'),
(4, 'Otorrino', 'otorrino');

-- --------------------------------------------------------

--
-- Estrutura da tabela `cirurgias`
--

CREATE TABLE `cirurgias` (
  `id` int(11) NOT NULL,
  `categorias_cirurgias_id` int(11) NOT NULL,
  `titulo` varchar(255) DEFAULT NULL,
  `nome_url` varchar(255) DEFAULT NULL,
  `imagem` varchar(45) DEFAULT NULL,
  `texto_breve` varchar(500) DEFAULT NULL,
  `texto` mediumtext,
  `data` datetime DEFAULT NULL
) ENGINE=InnoDB DEFAULT CHARSET=utf8;

--
-- Extraindo dados da tabela `cirurgias`
--

INSERT INTO `cirurgias` (`id`, `categorias_cirurgias_id`, `titulo`, `nome_url`, `imagem`, `texto_breve`, `texto`, `data`) VALUES
(3, 1, 'Rinoplastia (Plástica do Nariz)', 'rinoplastia-plastica-do-nariz', '4a700d0b6213eddc2c3c7292e7947388.jpg', 'A Rinoplastia ou cirurgia plástica do nariz é um procedimento cirúrgico para alterar a aparência externa, com o objetivo de melhorar características específicas do nariz e   harmonizar a face.', '<p open=\"\" sans\",=\"\" arial,=\"\" sans-serif;=\"\" font-size:=\"\" 14px;\"=\"\" style=\"margin-bottom: 15px; padding: 0px; text-align: justify;\"><font color=\"#1b1b1b\" face=\"Raleway, sans-serif\"><span style=\"font-size: 14px;\">A Rinoplastia ou cirurgia plástica do nariz é um procedimento cirúrgico para alterar a aparência externa, com o objetivo de melhorar características específicas do nariz e   harmonizar a face.</span></font></p><p open=\"\" sans\",=\"\" arial,=\"\" sans-serif;=\"\" font-size:=\"\" 14px;\"=\"\" style=\"margin-bottom: 15px; padding: 0px; text-align: justify;\"><font color=\"#1b1b1b\" face=\"Raleway, sans-serif\"><span style=\"font-size: 14px;\">O nariz é um dos atributos mais proeminentes e notáveis de toda a face e exerce um efeito importante na aparência geral. Além disso, exerce a função de permitir a passagem do ar controlando a sua umidade, temperatura e pureza antes de atingir os pulmões. A cirurgia estética nasal tem repercussão funcional e o contrário pode também acontecer. Dessa forma, é praticamente impossível uma Rinoplastia sem uma abordagem funcional integrada.</span></font></p><p open=\"\" sans\",=\"\" arial,=\"\" sans-serif;=\"\" font-size:=\"\" 14px;\"=\"\" style=\"margin-bottom: 15px; padding: 0px; text-align: justify;\"><font color=\"#1b1b1b\" face=\"Raleway, sans-serif\"><span style=\"font-size: 14px;\">Do ponto de vista cirúrgico, a rinoplastia é diferente de vários outros procedimentos pelo seu aspecto dinâmico. As estruturas nasais se movem, não somente durante, mas no período pós operatório também. Assim, o cirurgião deve prever e se antecipar a todas as modificações que possa acontecer, através de técnicas específicas.</span></font></p><p open=\"\" sans\",=\"\" arial,=\"\" sans-serif;=\"\" font-size:=\"\" 14px;\"=\"\" style=\"margin-bottom: 15px; padding: 0px; text-align: justify;\"><font color=\"#1b1b1b\" face=\"Raleway, sans-serif\"><span style=\"font-size: 14px;\">A rinoplastia é muito interativa, e quanto mais o cirurgião aprende a interpretar as mudanças intra-operatórias e entender o que elas representam, melhor se torna o seu julgamento e maior controle ele terá de seu resultado. Ela oferece, talvez mais do que qualquer outro procedimento estético, a possibilidade de individualizar o resultado. Mais ainda: <b>Sucesso na rinoplastia requer que o resultado seja individualizado!</b></span></font></p><p open=\"\" sans\",=\"\" arial,=\"\" sans-serif;=\"\" font-size:=\"\" 14px;\"=\"\" style=\"margin-bottom: 15px; padding: 0px; text-align: justify;\"><font color=\"#1b1b1b\" face=\"Raleway, sans-serif\"><span style=\"font-size: 14px;\"><b>Rinoplastia estruturada:</b></span></font></p><p open=\"\" sans\",=\"\" arial,=\"\" sans-serif;=\"\" font-size:=\"\" 14px;\"=\"\" style=\"margin-bottom: 15px; padding: 0px; text-align: justify;\"><font color=\"#1b1b1b\" face=\"Raleway, sans-serif\"><span style=\"font-size: 14px;\">A rinoplastia  ainda é vista nos dias de hoje por muitos cirurgiões não especialistas como uma cirurgia simples cujo objetivo principal é reduzir o nariz através da remoção de tecidos (osso e cartilagem). No entanto, esta abordagem simplista enfraquece o suporte das estruturas  do nariz, levando a deformidades estéticas e até mesmo colapso de partes do nariz, repercutindo também na função respiratória. Estas complicações frequentemente levam o paciente  a procura de uma rinoplastia revisional (secundária).</span></font></p><p open=\"\" sans\",=\"\" arial,=\"\" sans-serif;=\"\" font-size:=\"\" 14px;\"=\"\" style=\"margin-bottom: 15px; padding: 0px; text-align: justify;\"><font color=\"#1b1b1b\" face=\"Raleway, sans-serif\"><span style=\"font-size: 14px;\">Em se tratando da rinoplastia, forma e função são inseparáveis, e os cirurgiões devem entender como as várias mudanças na aparência nasal, mesmo que sutis,  podem afetar o fluxo respiratório. Devem entender que, na maioria das manobras realizadas durante o procedimento, seja para reduzir o dorso, seja para refinar a ponta, existem implicações funcionais. Este conhecimento deve ser usado a favor do cirurgião para previnir os problemas respiratórias após a rinoplastia (ainda muito comuns), assim como para tratar  e restaurar a função , e a estética, em casos secundários.</span></font></p><p open=\"\" sans\",=\"\" arial,=\"\" sans-serif;=\"\" font-size:=\"\" 14px;\"=\"\" style=\"margin-bottom: 15px; padding: 0px; text-align: justify;\"></p><p open=\"\" sans\",=\"\" arial,=\"\" sans-serif;=\"\" font-size:=\"\" 14px;\"=\"\" style=\"margin-bottom: 15px; padding: 0px; text-align: justify;\"><font color=\"#1b1b1b\" face=\"Raleway, sans-serif\"><span style=\"font-size: 14px;\">Durante toda minha formação cirúrgica, tanto na cirurgia Craniofacial e na Otorrinolaringologia, tenho praticado e sido adepto à Rinoplastia Estruturada, que favorece a preservação da integridade estrutural do nariz, ao mesmo tempo que usa enxerto (do próprio paciente) para restaurar a sustentação e reforçar as áreas de fraqueza do nariz  após as modificações necessárias. Esta filosofia de trabalho proporciona resultados mais naturais e duradouros prevenindo, assim, complicações estéticas e funcionais.</span></font></p><p open=\"\" sans\",=\"\" arial,=\"\" sans-serif;=\"\" font-size:=\"\" 14px;\"=\"\" style=\"margin-bottom: 15px; padding: 0px; text-align: justify;\"><font color=\"#1b1b1b\" face=\"Raleway, sans-serif\"><span style=\"font-size: 14px;\"><b>Rinoplastia feira pelo otorrino:</b></span></font></p><p open=\"\" sans\",=\"\" arial,=\"\" sans-serif;=\"\" font-size:=\"\" 14px;\"=\"\" style=\"margin-bottom: 15px; padding: 0px; text-align: justify;\"><font color=\"#1b1b1b\" face=\"Raleway, sans-serif\"><span style=\"font-size: 14px;\">A Rinoplastia é considerada por todos os especialistas na área como a cirurgia estética mais complexa da face, pelo fato do nariz apresentar uma infinidade de variações anatômicas, que requerem decisões acertadas sobre as indicações de cada umas das várias técnicas cirúrgicas existentes. Ela pode ser realizada tanto por otorrinolaringologistas como por cirurgiões plásticos, desde que tenham o devido treinamento específico na área.</span></font></p><p open=\"\" sans\",=\"\" arial,=\"\" sans-serif;=\"\" font-size:=\"\" 14px;\"=\"\" style=\"margin-bottom: 15px; padding: 0px; text-align: justify;\"></p><p open=\"\" sans\",=\"\" arial,=\"\" sans-serif;=\"\" font-size:=\"\" 14px;\"=\"\" style=\"margin-bottom: 15px; padding: 0px; text-align: justify;\"><font color=\"#1b1b1b\" face=\"Raleway, sans-serif\"><span style=\"font-size: 14px;\">A<b> American Academy of Facial Plastic and Reconstructive Surgery</b> , a maior e principal associação de cirurgia plástica facial do mundo, formada na sua grande maioria por otorrinolaringologistas, vem dando suporte no desenvolvimento e aperfeiçoamento da rinoplastia e outras cirurgias plásticas faciais desde 1972. A grande maioria das cirurgias plásticas faciais nos EUA já são realizadas por otorrinos treinados na área, através do programa de Fellowship. Aqui no Brasil, já existe dentro da <b>Associação Brasileira de Otorrinolaringologia e Cirurgia Cérvico Facial a Academia Brasileira de Cirurgia Plástica da Face</b>, associação que vem desempenhando este papel há vários anos, promovendo vários cursos intensivos em todo o país, além da organização de congressos específicos de Rinoplastia com a presença dos maiores especialistas do Brasil e do mundo.</span></font></p><p open=\"\" sans\",=\"\" arial,=\"\" sans-serif;=\"\" font-size:=\"\" 14px;\"=\"\" style=\"margin-bottom: 15px; padding: 0px; text-align: justify;\"><font color=\"#1b1b1b\" face=\"Raleway, sans-serif\"><span style=\"font-size: 14px;\">Independente da especialidade que pertença o Cirurgião, o candidato à rinoplastia deve buscar informações  sobre a formação e treinamento de seu médico, assim como a experiência adquirida na área de  rinoplastia. Este treinamento específico é o principal fator determinante para o sucesso da cirurgia  e satisfação do paciente.</span></font></p><p open=\"\" sans\",=\"\" arial,=\"\" sans-serif;=\"\" font-size:=\"\" 14px;\"=\"\" style=\"margin-bottom: 15px; padding: 0px; text-align: justify;\"><font color=\"#1b1b1b\" face=\"Raleway, sans-serif\"><span style=\"font-size: 14px;\"><b>Dicas para escolher seu médico:</b></span></font></p><ol><li style=\"margin-bottom: 15px; padding: 0px; text-align: justify;\"><font color=\"#1b1b1b\" face=\"Raleway, sans-serif\"><span style=\"font-size: 14px;\">Informe-se bem sobre o procedimento e sobre o profissional que irá te atender. Os resultados da cirurgia nasal duram uma vida.</span></font></li><li style=\"margin-bottom: 15px; padding: 0px; text-align: justify;\"><span style=\"font-size: 14px; color: rgb(27, 27, 27); font-family: Raleway, sans-serif;\">Verifique se o seu problema requer uma solução nasal dupla. Diversas técnicas cirúrgicas – funcionais e estéticas – podem ser necessárias, e devem ser combinadas em uma única operação.</span></li><li style=\"margin-bottom: 15px; padding: 0px; text-align: justify;\"><font color=\"#1b1b1b\" face=\"Raleway, sans-serif\"><span style=\"font-size: 14px;\">Verifique se o cirurgião tem treinamento especializado em cirurgia estética e funcional.</span></font></li><li style=\"margin-bottom: 15px; padding: 0px; text-align: justify;\"><font color=\"#1b1b1b\" face=\"Raleway, sans-serif\"><span style=\"font-size: 14px;\">Lembre-se que a cirurgia estética pode distorcer a forma do seu nariz. O cirurgião é capaz de restaurar a sua respiração, assegurando simultaneamente a forma natural de seu nariz?</span></font></li><li style=\"margin-bottom: 15px; padding: 0px; text-align: justify;\"><font color=\"#1b1b1b\" face=\"Raleway, sans-serif\"><span style=\"font-size: 14px;\">Certifique-se que o seu cirurgião entende seus problemas, necessidades e expectativas.</span></font></li><li style=\"margin-bottom: 15px; padding: 0px; text-align: justify;\"><font color=\"#1b1b1b\" face=\"Raleway, sans-serif\"><span style=\"font-size: 14px;\">Não prossiga com a cirurgia, a menos que você esteja feliz com o diagnóstico e a recomendação.</span></font></li><li style=\"margin-bottom: 15px; padding: 0px; text-align: justify;\"><font color=\"#1b1b1b\" face=\"Raleway, sans-serif\"><span style=\"font-size: 14px;\">Se você tiver dúvidas, peça uma segunda opinião!</span><br><br><br><br></font><br></li></ol><p open=\"\" sans\",=\"\" arial,=\"\" sans-serif;=\"\" font-size:=\"\" 14px;\"=\"\" style=\"margin-bottom: 15px; padding: 0px; text-align: justify;\"><font color=\"#1b1b1b\" face=\"Raleway, sans-serif\"><br></font></p><div style=\"text-align: justify;\"><p></p></div>', '2017-10-19 23:02:20'),
(4, 1, 'Otoplastia (Plástica das Orelhas)', 'otoplastia-plastica-das-orelhas', 'ed31571c18a8ae99fdf7ed3e21676c4b.jpg', 'O termo otoplastia refere-se à cirurgia plástica das orelhas, podendo corresponder a várias técnicas, dependendo do problema a ser tratado. Em geral o termo é usado para indicar a correção de orelhas proeminentes (de abano), porém outros problemas como sequelas de traumas, ausência congênita das orelhas e orelhas constritas também são tratadas com técnicas de otoplastia.', '<p open=\"\" sans\",=\"\" arial,=\"\" sans-serif;=\"\" font-size:=\"\" 14px;\"=\"\" style=\"margin-bottom: 15px; padding: 0px; text-align: justify;\"><font color=\"#1b1b1b\" face=\"Raleway, sans-serif\"><span style=\"font-size: 14px;\"><b>O que é a otoplastia?</b></span></font></p><p open=\"\" sans\",=\"\" arial,=\"\" sans-serif;=\"\" font-size:=\"\" 14px;\"=\"\" style=\"margin-bottom: 15px; padding: 0px; text-align: justify;\"><font color=\"#1b1b1b\" face=\"Raleway, sans-serif\"><span style=\"font-size: 14px;\">O termo otoplastia refere-se à cirurgia plástica das orelhas, podendo corresponder a várias técnicas, dependendo do problema a ser tratado. Em geral o termo é usado para indicar a correção de orelhas proeminentes (de abano), porém outros problemas como sequelas de traumas, ausência congênita das orelhas e orelhas constritas também são tratadas com técnicas de otoplastia.</span></font></p><p open=\"\" sans\",=\"\" arial,=\"\" sans-serif;=\"\" font-size:=\"\" 14px;\"=\"\" style=\"margin-bottom: 15px; padding: 0px; text-align: justify;\"><font color=\"#1b1b1b\" face=\"Raleway, sans-serif\"><span style=\"font-size: 14px;\"><b>Indicações da otoplastia</b></span></font></p><p open=\"\" sans\",=\"\" arial,=\"\" sans-serif;=\"\" font-size:=\"\" 14px;\"=\"\" style=\"margin-bottom: 15px; padding: 0px; text-align: justify;\"><font color=\"#1b1b1b\" face=\"Raleway, sans-serif\"><span style=\"font-size: 14px;\">As correções de orelha são realizadas para minimizar deformidades, tentar corrigir assimetrias de forma, tamanho e angulação no caso do abano, em orelhas mal formadas de nascença ou que sofreram deformidades após um traumatismo.</span></font></p><p open=\"\" sans\",=\"\" arial,=\"\" sans-serif;=\"\" font-size:=\"\" 14px;\"=\"\" style=\"margin-bottom: 15px; padding: 0px; text-align: justify;\"><font color=\"#1b1b1b\" face=\"Raleway, sans-serif\"><span style=\"font-size: 14px;\">Existe desde o grau mais leve até o mais grave de orelhas em abano, porém a indicação cirúrgica é baseada no grau de incômodo que o paciente apresenta.</span></font></p><p open=\"\" sans\",=\"\" arial,=\"\" sans-serif;=\"\" font-size:=\"\" 14px;\"=\"\" style=\"margin-bottom: 15px; padding: 0px; text-align: justify;\"><font color=\"#1b1b1b\" face=\"Raleway, sans-serif\"><span style=\"font-size: 14px;\">A idade mínima situa-se entre seis e sete anos de idade. Nessa faixa etária já houve finalização do crescimento das orelhas, de modo que a cirurgia não irá interferir no crescimento. Também coincide com a idade escolar de alfabetização, quando a criança começa a se incomodar com as orelhas proeminentes.</span></font></p><p open=\"\" sans\",=\"\" arial,=\"\" sans-serif;=\"\" font-size:=\"\" 14px;\"=\"\" style=\"margin-bottom: 15px; padding: 0px; text-align: justify;\"><font color=\"#1b1b1b\" face=\"Raleway, sans-serif\"><span style=\"font-size: 14px;\"><b>Como é feita a cirurgia</b></span></font></p><p open=\"\" sans\",=\"\" arial,=\"\" sans-serif;=\"\" font-size:=\"\" 14px;\"=\"\" style=\"margin-bottom: 15px; padding: 0px; text-align: justify;\"><font color=\"#1b1b1b\" face=\"Raleway, sans-serif\"><span style=\"font-size: 14px;\">A anestesia mais comumente usada é a local com sedação. A cirurgia se inicia com uma incisão atrás da orelha, seguindo a dobra natural da pele. É, então, realizada a retirada do excesso de pele e em seguida é feito o ligamento da cartilagem, para deixa-la mais flexível. Em alguns casos pode ser feita a retirada de cartilagem para diminuição da orelha. Logo em seguida são feitos pontos de fixação para manter uma nova anatomia da orelha e realizando o fechamento da pele. Em geral, os pontos são internos e absorvíveis, não precisam, portanto, ser retirados. A cirurgia tem duração média de uma hora.</span></font></p><p open=\"\" sans\",=\"\" arial,=\"\" sans-serif;=\"\" font-size:=\"\" 14px;\"=\"\" style=\"margin-bottom: 15px; padding: 0px; text-align: justify;\"><font color=\"#1b1b1b\" face=\"Raleway, sans-serif\"><span style=\"font-size: 14px;\"><b>Antes da cirurgia:</b></span></font></p><p open=\"\" sans\",=\"\" arial,=\"\" sans-serif;=\"\" font-size:=\"\" 14px;\"=\"\" style=\"margin-bottom: 15px; padding: 0px; text-align: justify;\"><font color=\"#1b1b1b\" face=\"Raleway, sans-serif\"><span style=\"font-size: 14px;\"><b>Consulta médica:</b></span></font></p><p open=\"\" sans\",=\"\" arial,=\"\" sans-serif;=\"\" font-size:=\"\" 14px;\"=\"\" style=\"margin-bottom: 15px; padding: 0px; text-align: justify;\"><font color=\"#1b1b1b\" face=\"Raleway, sans-serif\"><span style=\"font-size: 14px;\">Uma boa consulta pré-operatória, além de preparar o paciente para a cirurgia, deverá fazer com que ele compreenda seu problema, compreenda a solução proposta, riscos e benefícios do procedimento, e alinhe a expectativa ideal com as possibilidades de tratamento e que tipo de resultado poderá ser alcançado.</span></font></p><p open=\"\" sans\",=\"\" arial,=\"\" sans-serif;=\"\" font-size:=\"\" 14px;\"=\"\" style=\"margin-bottom: 15px; padding: 0px; text-align: justify;\"><font color=\"#1b1b1b\" face=\"Raleway, sans-serif\"><span style=\"font-size: 14px;\"><b>Exames</b></span></font></p><p open=\"\" sans\",=\"\" arial,=\"\" sans-serif;=\"\" font-size:=\"\" 14px;\"=\"\" style=\"margin-bottom: 15px; padding: 0px; text-align: justify;\"><font color=\"#1b1b1b\" face=\"Raleway, sans-serif\"><span style=\"font-size: 14px;\">A otoplastia requer que sejam realizados todos os exames pré-operatórios preconizados. Entre eles estão o exame de sangue, composto por hemograma e coagulograma completos, e o eletrocardiograma.</span></font></p><p open=\"\" sans\",=\"\" arial,=\"\" sans-serif;=\"\" font-size:=\"\" 14px;\"=\"\" style=\"margin-bottom: 15px; padding: 0px; text-align: justify;\"><font color=\"#1b1b1b\" face=\"Raleway, sans-serif\"><span style=\"font-size: 14px;\"><b>Medicações</b></span></font></p><p open=\"\" sans\",=\"\" arial,=\"\" sans-serif;=\"\" font-size:=\"\" 14px;\"=\"\" style=\"margin-bottom: 15px; padding: 0px; text-align: justify;\"><font color=\"#1b1b1b\" face=\"Raleway, sans-serif\"><span style=\"font-size: 14px;\">Deve ser interrompido o uso de qualquer outro remédio que altere a coagulação do sangue, entre eles: ácido acetilsalicílico (AAS), gingko biloba, cascara sagrada e clopidogrel. O ideal é que a manutenção do uso dos medicamentos seja feira regularmente, principalmente em casos de pacientes com hipertensão e diabetes.</span></font></p><p open=\"\" sans\",=\"\" arial,=\"\" sans-serif;=\"\" font-size:=\"\" 14px;\"=\"\" style=\"margin-bottom: 15px; padding: 0px; text-align: justify;\"><font color=\"#1b1b1b\" face=\"Raleway, sans-serif\"><span style=\"font-size: 14px;\"><b>Jejum</b></span></font></p><p open=\"\" sans\",=\"\" arial,=\"\" sans-serif;=\"\" font-size:=\"\" 14px;\"=\"\" style=\"margin-bottom: 15px; padding: 0px; text-align: justify;\"><font color=\"#1b1b1b\" face=\"Raleway, sans-serif\"><span style=\"font-size: 14px;\">São necessárias aproximadamente oito horas de jejum de sólidos e líquidos.</span></font></p><p open=\"\" sans\",=\"\" arial,=\"\" sans-serif;=\"\" font-size:=\"\" 14px;\"=\"\" style=\"margin-bottom: 15px; padding: 0px; text-align: justify;\"><font color=\"#1b1b1b\" face=\"Raleway, sans-serif\"><span style=\"font-size: 14px;\"><b>Após a cirurgia:</b></span></font></p><p open=\"\" sans\",=\"\" arial,=\"\" sans-serif;=\"\" font-size:=\"\" 14px;\"=\"\" style=\"margin-bottom: 15px; padding: 0px; text-align: justify;\"><font color=\"#1b1b1b\" face=\"Raleway, sans-serif\"><span style=\"font-size: 14px;\"><b>Internação</b></span></font></p><p open=\"\" sans\",=\"\" arial,=\"\" sans-serif;=\"\" font-size:=\"\" 14px;\"=\"\" style=\"margin-bottom: 15px; padding: 0px; text-align: justify;\"><font color=\"#1b1b1b\" face=\"Raleway, sans-serif\"><span style=\"font-size: 14px;\">O tempo médio de internação é de oito a doze horas.</span></font></p><p open=\"\" sans\",=\"\" arial,=\"\" sans-serif;=\"\" font-size:=\"\" 14px;\"=\"\" style=\"margin-bottom: 15px; padding: 0px; text-align: justify;\"><font color=\"#1b1b1b\" face=\"Raleway, sans-serif\"><span style=\"font-size: 14px;\"><b>Curativos</b></span></font></p><p open=\"\" sans\",=\"\" arial,=\"\" sans-serif;=\"\" font-size:=\"\" 14px;\"=\"\" style=\"margin-bottom: 15px; padding: 0px; text-align: justify;\"><font color=\"#1b1b1b\" face=\"Raleway, sans-serif\"><span style=\"font-size: 14px;\">Os curativos são geralmente realizados com pomada cicatrizante e gaze. Ele é realizado no final da cirurgia e retirado após um período de 24 a 48 horas da cirurgia no consultório pelo médico. Se houver necessidade de novo curativo, o paciente (ou seu responsável) será orientado como fazê-lo. Deverá ser utilizada uma faixa de tecido compressiva específica nos casos de correção de abano, retirada apenas para o banho, mas utilizada 24 horas por dia, por um mês.</span></font></p><p open=\"\" sans\",=\"\" arial,=\"\" sans-serif;=\"\" font-size:=\"\" 14px;\"=\"\" style=\"margin-bottom: 15px; padding: 0px; text-align: justify;\"><font color=\"#1b1b1b\" face=\"Raleway, sans-serif\"><span style=\"font-size: 14px;\">O paciente deverá deixar a região da cicatriz limpa e seca, lavando com cuidado no banho e secando cuidadosamente após, segundo orientação do médico.</span></font></p><p open=\"\" sans\",=\"\" arial,=\"\" sans-serif;=\"\" font-size:=\"\" 14px;\"=\"\" style=\"margin-bottom: 15px; padding: 0px; text-align: justify;\"><font color=\"#1b1b1b\" face=\"Raleway, sans-serif\"><span style=\"font-size: 14px;\"><b>Dor</b></span></font></p><p open=\"\" sans\",=\"\" arial,=\"\" sans-serif;=\"\" font-size:=\"\" 14px;\"=\"\" style=\"margin-bottom: 15px; padding: 0px; text-align: justify;\"><font color=\"#1b1b1b\" face=\"Raleway, sans-serif\"><span style=\"font-size: 14px;\">Sempre são prescritos analgésicos, mas geralmente não há dor, há apenas uma sensação de incômodo. Se houver dor importante, o médico deverá ser avisado para que examine e oriente.</span></font></p><p open=\"\" sans\",=\"\" arial,=\"\" sans-serif;=\"\" font-size:=\"\" 14px;\"=\"\" style=\"margin-bottom: 15px; padding: 0px; text-align: justify;\"><font color=\"#1b1b1b\" face=\"Raleway, sans-serif\"><span style=\"font-size: 14px;\"><b>Inchaço e vermelhidão</b></span></font></p><p open=\"\" sans\",=\"\" arial,=\"\" sans-serif;=\"\" font-size:=\"\" 14px;\"=\"\" style=\"margin-bottom: 15px; padding: 0px; text-align: justify;\"><font color=\"#1b1b1b\" face=\"Raleway, sans-serif\"><span style=\"font-size: 14px;\">É normal que haja edema (inchaço) e vermelhidão. Com o passar dos dias este aspecto vai melhorando até a cicatrização se completar.</span></font></p><p open=\"\" sans\",=\"\" arial,=\"\" sans-serif;=\"\" font-size:=\"\" 14px;\"=\"\" style=\"margin-bottom: 15px; padding: 0px; text-align: justify;\"><font color=\"#1b1b1b\" face=\"Raleway, sans-serif\"><span style=\"font-size: 14px;\"><b>Medicação</b></span></font></p><p open=\"\" sans\",=\"\" arial,=\"\" sans-serif;=\"\" font-size:=\"\" 14px;\"=\"\" style=\"margin-bottom: 15px; padding: 0px; text-align: justify;\"><font color=\"#1b1b1b\" face=\"Raleway, sans-serif\"><span style=\"font-size: 14px;\">Analgésicos comuns são prescritos de rotina para o pós-operatório, e os pacientes são orientados a tomar se tiverem dor. Anti-inflamatórios também poderão ser prescritos.</span></font></p><p open=\"\" sans\",=\"\" arial,=\"\" sans-serif;=\"\" font-size:=\"\" 14px;\"=\"\" style=\"margin-bottom: 15px; padding: 0px; text-align: justify;\"><font color=\"#1b1b1b\" face=\"Raleway, sans-serif\"><span style=\"font-size: 14px;\"><b>Volta às atividades normais e exercícios físicos</b></span></font></p><p open=\"\" sans\",=\"\" arial,=\"\" sans-serif;=\"\" font-size:=\"\" 14px;\"=\"\" style=\"margin-bottom: 15px; padding: 0px; text-align: justify;\"><font color=\"#1b1b1b\" face=\"Raleway, sans-serif\"><span style=\"font-size: 14px;\">Em crianças, recomenda-se aguardar uma semana para voltar à escola, para evitar o risco de trauma nas orelhas recém-operadas. Nos casos mais simples, pode-se retornar às aulas em três dias. Nos adultos, geralmente em dois dias. Atividade física deverá ser&nbsp; iniciada após 15 dias, leve no início e evitando-se trauma no local operado.</span></font></p><p open=\"\" sans\",=\"\" arial,=\"\" sans-serif;=\"\" font-size:=\"\" 14px;\"=\"\" style=\"margin-bottom: 15px; padding: 0px; text-align: justify;\"><font color=\"#1b1b1b\" face=\"Raleway, sans-serif\"><span style=\"font-size: 14px;\"><b>Uso de óculos</b></span></font></p><p open=\"\" sans\",=\"\" arial,=\"\" sans-serif;=\"\" font-size:=\"\" 14px;\"=\"\" style=\"margin-bottom: 15px; padding: 0px; text-align: justify;\"><font color=\"#1b1b1b\" face=\"Raleway, sans-serif\"><span style=\"font-size: 14px;\">O uso dos óculos é liberado até por cima do curativo, preso com esparadrapo na faixa, desde que não aperte demais a cabeça. Quando for retirado o curativo, deve-se tomar cuidado com os óculos apertados à cabeça, ou atrás da orelha, que deverão ser reajustados à face. Alguns pacientes aprendem a prender as hastes dos óculos acima da inserção da orelha à cabeça, com o uso da própria faixa que deverão usar por 30 dias.</span></font></p><p open=\"\" sans\",=\"\" arial,=\"\" sans-serif;=\"\" font-size:=\"\" 14px;\"=\"\" style=\"margin-bottom: 15px; padding: 0px; text-align: justify;\"><font color=\"#1b1b1b\" face=\"Raleway, sans-serif\"><span style=\"font-size: 14px;\"><b>Retorno ao consultório médico</b></span></font></p><p open=\"\" sans\",=\"\" arial,=\"\" sans-serif;=\"\" font-size:=\"\" 14px;\"=\"\" style=\"margin-bottom: 15px; padding: 0px; text-align: justify;\"><font color=\"#1b1b1b\" face=\"Raleway, sans-serif\"><span style=\"font-size: 14px;\">O primeiro retorno é em 24 a 48 horas, para remoção do curativo e avaliação médica, e então serão combinados os próximos retornos.</span></font></p><p open=\"\" sans\",=\"\" arial,=\"\" sans-serif;=\"\" font-size:=\"\" 14px;\"=\"\" style=\"margin-bottom: 15px; padding: 0px; text-align: justify;\"><font color=\"#1b1b1b\" face=\"Raleway, sans-serif\"><span style=\"font-size: 14px;\"><b>Cicatrizes e queloide</b></span></font></p><p open=\"\" sans\",=\"\" arial,=\"\" sans-serif;=\"\" font-size:=\"\" 14px;\"=\"\" style=\"margin-bottom: 15px; padding: 0px; text-align: justify;\"><font color=\"#1b1b1b\" face=\"Raleway, sans-serif\"><span style=\"font-size: 14px;\">Nas cirurgias de correção de abano, as cicatrizes ficam escondidas na parte posterior da orelha, na junção da orelha ao crânio. Há casos que necessitam incisões na parte da frente da orelha, mas procura-se escondê-las nas dobras naturais da pele. A cicatriz chamada de queloide, esteticamente desfavorável, pode ocorrer em alguns pacientes.</span></font></p><p open=\"\" sans\",=\"\" arial,=\"\" sans-serif;=\"\" font-size:=\"\" 14px;\"=\"\" style=\"margin-bottom: 15px; padding: 0px; text-align: justify;\"><font color=\"#1b1b1b\" face=\"Raleway, sans-serif\"><span style=\"font-size: 14px;\"><b>Contraindicações à otoplastia</b></span></font></p><p open=\"\" sans\",=\"\" arial,=\"\" sans-serif;=\"\" font-size:=\"\" 14px;\"=\"\" style=\"margin-bottom: 15px; padding: 0px; text-align: justify;\"><font color=\"#1b1b1b\" face=\"Raleway, sans-serif\"><span style=\"font-size: 14px;\">A infecção de ouvido contraindica a cirurgia, pois a proximidade com o local que será operado faz com que haja maior risco de infecção na ferida ou na cartilagem da orelha.</span></font></p><p open=\"\" sans\",=\"\" arial,=\"\" sans-serif;=\"\" font-size:=\"\" 14px;\"=\"\" style=\"margin-bottom: 15px; padding: 0px; text-align: justify;\"><font color=\"#1b1b1b\" face=\"Raleway, sans-serif\"><span style=\"font-size: 14px;\">Infecções em outros locais também são contra indicações para o procedimento, tais como gripes mais intensas, infecções urinarias, amigdalites. A presença de doenças de base mal controladas, como hipertensão e diabetes, são contraindicações para qualquer procedimento plástico, devendo essas doenças serem controladas antes da otoplastia.</span></font></p><p open=\"\" sans\",=\"\" arial,=\"\" sans-serif;=\"\" font-size:=\"\" 14px;\"=\"\" style=\"margin-bottom: 15px; padding: 0px; text-align: justify;\"><font color=\"#1b1b1b\" face=\"Raleway, sans-serif\"><span style=\"font-size: 14px;\">O tabagismo é uma contraindicação relativa, o paciente é aconselhado a deixar de fumar por duas semanas antes e 30 dias após a cirurgia, devido ao risco de afetar a cicatrização.</span></font></p><p open=\"\" sans\",=\"\" arial,=\"\" sans-serif;=\"\" font-size:=\"\" 14px;\"=\"\" style=\"margin-bottom: 15px; padding: 0px; text-align: justify;\"><font color=\"#1b1b1b\" face=\"Raleway, sans-serif\"><span style=\"font-size: 14px;\"><b>Riscos da otoplastia</b></span></font></p><p open=\"\" sans\",=\"\" arial,=\"\" sans-serif;=\"\" font-size:=\"\" 14px;\"=\"\" style=\"margin-bottom: 15px; padding: 0px; text-align: justify;\"><font color=\"#1b1b1b\" face=\"Raleway, sans-serif\"><span style=\"font-size: 14px;\">Pode haver sangramento, hematoma, dor, inchaço maior que o esperado, infecção, ou mesmo permanecer uma assimetria, principalmente em orelhas de adultos, que têm a cartilagem mais dura, tendendo a perder o ângulo da correção e voltar ao abano.</span><br></font></p><p open=\"\" sans\",=\"\" arial,=\"\" sans-serif;=\"\" font-size:=\"\" 14px;\"=\"\" style=\"margin-bottom: 15px; padding: 0px; text-align: justify;\"><font color=\"#1b1b1b\" face=\"Raleway, sans-serif\"><span style=\"font-size: 14px;\"><b></b></span><br><br><br><br></font></p><p open=\"\" sans\",=\"\" arial,=\"\" sans-serif;=\"\" font-size:=\"\" 14px;\"=\"\" style=\"margin-bottom: 15px; padding: 0px; text-align: justify;\"><font color=\"#1b1b1b\" face=\"Raleway, sans-serif\"><br><br></font></p><p open=\"\" sans\",=\"\" arial,=\"\" sans-serif;=\"\" font-size:=\"\" 14px;\"=\"\" style=\"margin-bottom: 15px; padding: 0px; text-align: justify;\"><font color=\"#1b1b1b\" face=\"Raleway, sans-serif\"><br></font></p>', '2017-10-19 23:02:35'),
(5, 1, 'Mentoplastia (Cirurgia do Queixo)', 'mentoplastia-cirurgia-do-queixo', 'ccfc7efa2e07b0bc7a8a6b29187f662f.jpg', 'A cirurgia para aumentar o queixo é capaz de trazer uma harmonia facial. O que pode ter efeitos positivos no quesito aparência, auto estima e segurança. ', '<p>A cirurgia para aumentar o queixo é capaz de trazer uma harmonia facial. O que pode ter efeitos positivos no quesito aparência, auto estima e segurança.&nbsp;</p><p><b>Tipos de cirurgia</b></p><p>O aumento de mento, aumento de queixo ou Mentoplastia é um procedimento cirúrgico para remodelar o queixo que pode ser aumentada através da colocação de implantes, osteotomia (cortar o osso) ou, em alguns casos, pode-se optar pelo uso de alguns preenchedores. A lipoescultura neste caso, é muito bem vinda.</p><p>Os dois tipos de implantes mais utilizados são o de polietileno poroso de alta densidade e o de silicone. A vantagem do primeiro é que o material é mais aceito pelo organismo (biocompatível), tem menor índice de efeitos adversos e vem se tornando a primeira escolha.</p><p>Na osteotomia de mento não há necessidade da inclusão de implantes, e o aumento do queixo é realizado através de seu reposicionamento anterior e fixação com mini placas de titânio e parafusos. A incisão, tanto na osteotomia quanto com o uso de implante, é posicionada dentro da boca (sulco gengival). É imprescindível a avaliação da oclusão dentária e das projeções da face para o resultado adequado.</p><p><b>Para quem é indicada?</b></p><p>É recomendada para pacientes que têm queixo pequeno e retraído com boa oclusão dentária, ou seja, a pessoa candidata a esta cirurgia não deve apresentar alteração de sua mordida. Por isso, são feitas análises das proporções estéticas da face.</p><p><b>É comum operar queixo junto com o nariz?</b></p><p>É comum o paciente chegar ao consultório achando que seu nariz é grande quando, muitas vezes, o que existe é uma associação de nariz grande e queixo pequeno. Essa impressão errada acontece porque a harmonia facial na visão de perfil é muito dependente da relação entre o queixo e o nariz.</p><p>O nariz pode até nem ser grande, mas parecer se o queixo for pequeno quando analisadas aquelas proporções faciais.</p><p></p><p>À associação entre cirurgia de nariz e mentoplastia dá-se o nome de perfiloplastia, cujo objetivo é melhorar a harmonia das proporções da face.</p><p><b>Pré operatório</b></p><p>O pré-operatório passa por uma análise facial bem como uma história médica e odontológica completas. O tratamento ortodôntico muitas vezes deve ser feito antes da mentoplastia. Isso porque os dentes influenciam a posição dos lábios e estes determinam a estética do perfil, por isso é essencial corrigir as más posições dentárias.</p><p>Os exames pré-operatório variam conforme a idade e estado de saúde, mas os principais são:</p><ul><li>Hemograma, coagulogama, creatinina, glicemia de jejum;</li><li>Rx de tórax PA/P;</li><li>Eletrocardiograma.</li></ul><p><b>Como é feita a cirurgia?</b></p><p>A cirurgia de mentoplastia pode ser feita com uso de implante ou através de fraturas no osso do mento e seu avanço. Dentre os implantes, o melhor é o polietileno poroso – POREX®. Tanto o uso de POREX® quanto a mentoplastia de avanço com fratura são boas opções; a fratura pode ser indicada em casos de hipomentonismo (queixo pequeno) associado a alguns problemas de ronco.</p><p>A incisão de ambas é de 4 cm por dentro da boca e a cicatriz fica imperceptível. O paciente é orientado a ter uma higiene bucal mais cuidadosa nos primeiros 14 dias. O resultado final ocorre em 4-6 meses, com resultados já visíveis dentro das 2 primeiras semanas.</p><p>Caso opte-se por uso de POREX, o mesmo é fixado ao osso com 2 parafusos. Já na mentoplastia de avanço não é usado implante, mas são usados uma placa especial de titânio e 5 parafusos.</p><p></p><p>As duas cirurgias são realizadas com anestesia geral ou local com sedação, com duração de 2 horas.</p><p><b>O pós operatório da Mentoplastia é muito doloroso?</b></p><p>Geralmente não há dor no pós-operatório. Quando ocorre um discreto desconforto, poderemos neutralizá-la com o uso de analgésicos comuns.</p><p></p><p>Pode haver uma diminuição da sensibilidade que pode durar de 2 a 3 meses.</p><p><b>Como é a recuperação da cirurgia de Mentoplastia?</b></p><p>A recuperação exige alguns cuidados especiais, tais como:</p><ul><li>Evitar sol e traumatismos locais no pós-operatório;</li><li>Retornar ao consultório nos dias e horários estabelecidos;</li><li>Escovar os dentes com escova macia e reforçar a higiene bucal com soluções antissépticas ;</li><li>Necessário fazer uso correto de medicação para dor, inflamação e prevenção de infecção por 7 dias;</li><li>Não se preocupar com o “inchaço” natural do queixo, que poderá persistir por algumas semanas;</li><li>Deitar de barriga para cima;</li><li>Compressas geladas locais por 2-3 dias são;</li><li>Evitar alimentos sólidos que exijam mastigação intensa nos primeiros dias. Alimentação livre, a partir do segundo dia, principalmente à base de proteínas (carnes, leite, ovos) e vitaminas (frutas);</li><li>Recomenda-se fazer uma adequada avaliação ortodôntica e odontológica. Se necessário, deve-se realizar uma avaliação por um Cirurgião Buco-Maxilo-Facial;</li><li>É indicado a realização da drenagem linfática no pescoço para acelerar o processo de desinchar o edema.</li></ul><p><b>Como é a cicatriz?</b></p><p>A cicatriz mede 4 cm e fica por dentro da boca.</p><p><b>Qual a vantagem da Mentoplastia cirúrgica em relação ao preenchimento?</b></p><p>Enquanto a cirurgia tem duração para toda a vida do paciente, o preenchimento dura de 18-24 meses e seu resultado é bem mais modesto.</p><p>Porém, o preenchimento tem como principal vantagem o preço, uma vez que não é necessário arcar com custos de hospital, equipe médica e material, e não necessita de internação e recuperação pós-operatória.</p><p><b></b><br><br></p><p><b></b><br></p>', '2017-11-22 17:29:50'),
(6, 1, 'Blefaroplastia (Plástica das Pálpebras)', 'blefaroplastia-plastica-das-palpebras', '8f62d0423ddb9dda0ba977c3a9591370.jpg', 'É um procedimento cirúrgico realizado para melhorar a aparência das pálpebras superiores, inferiores ou de ambas. A cirurgia proporciona uma aparência rejuvenescida ao redor dos olhos, fazendo com que o olhar não tenha o visual de cansado e caído.', '<p><b>O que é a cirurgia das pálpebras?</b></p><p>É um procedimento cirúrgico realizado para melhorar a aparência das pálpebras superiores, inferiores ou de ambas. A cirurgia proporciona uma aparência rejuvenescida ao redor dos olhos, fazendo com que o olhar não tenha o visual de cansado e caído.</p><p><b>Como a blefaroplastia é realizada e após quanto tempo os resultados são visíveis?</b></p><p>O procedimento dura por volta de 45 a 90 minutos, sob anestesia local com sedação ou anestesia geral. É necessário que o paciente fique internado por um período de 6h a 8h para observação.</p><p><b>Resultados</b></p><p>Logo na primeira semana, é possível ver os primeiros resultados, que se tornam mais evidentes após dois ou três meses com a diminuição do inchaço, com seu resultado final depois de seis meses a um ano.</p><p>Os melhores resultados aparecem em pacientes que têm a pele das pálpebras mais firme, pois se a região é muito flácida, a probabilidade de a pálpebra cair novamente é maior.</p><p><b>Quais são os seus benefícios e para quem a cirurgia é indicada?</b></p><p>A cirurgia é indicada para pessoas com grande quantidade e flacidez de pele nas pálpebras, e o seu principal benefício é o rejuvenescimento da pele na área dos olhos.</p><p>Na pálpebra superior, a cirurgia remove o depósito elevado de gordura que aparenta inchaço, e na pálpebra inferior retira o excesso de pele e rugas finas. Remove também a sobra de pele que resulta em dobras ou atrapalha o contorno natural da pálpebra superior — às vezes, prejudicando a visão.</p><p>Bolsas sob os olhos também podem ser corrigidas, assim como a queda das pálpebras inferiores. Além disso, a cirurgia também é recomendada para a remoção de xantelasmas, que são pequenas bolinhas de colesterol que se formam nessa região.</p><p><b>Quais riscos a blefaroplastia oferece e quais são os cuidados pós-operatórios da cirurgia?</b><br></p><p>Assim como outras intervenções cirúrgicas, a blefaroplastia oferece riscos à saúde do paciente, como complicações cardíacas e pulmonares e os riscos relacionados à anestesia, à alteração da frequência cardíaca e à pressão arterial. Por isso, é necessário procurar um profissional de confiança e realizar a cirurgia em um local adequado.</p><p></p><p>Após a cirurgia, os olhos podem ficar temporariamente ou permanentemente secos, sendo necessário o uso frequente de colírios. Pode ocorrer também uma disfunção envolvendo a posição anormal das pálpebras superiores, pele solta e fechamento inadequado da pálpebra, com exposição da conjuntiva e frouxidão anormal da pálpebra inferior.</p><p><b>Pós-operatório</b></p><p>No pós-operatório, devem ser seguidas todas as recomendações do médico responsável, como evitar cigarro, a ingestão de antibiótico e analgésicos, o uso correto de colírios, a higienização e o repouso. É importante que, durante o período de cicatrização, o local da cirurgia não sofra esforço excessivo, escoriação ou movimento.</p><p>Entre outros cuidados após o procedimento, deve-se usar uma pomada lubrificante e fazer compressas frias no local, e o uso de óculos escuros deve ser feito por cerca de 30 dias até que a cicatrização esteja completa.</p><p><b></b><br></p>', '2017-11-22 17:30:09'),
(7, 1, 'Bichectomia (Redução do volume das bochechas)', 'bichectomia-reducao-do-volume-das-bochechas', '9cdc4c2ea0ff6ad47de59e6137839a8f.jpg', 'A bichectomia é a cirurgia em que há a retirada total ou mesmo parcial de duas bolsas de gorduras presentes uma em cada lado da boca, entre o maxilar e a mandíbula, chamadas de \"bolas de Bichat\". A finalidade da bichectomia é puramente estética: reduzir o volume da parte de baixo do rosto, por isso, é uma cirurgia controversa.', '<p><b>O que é a bichectomia</b></p><p>A bichectomia é a cirurgia em que há a retirada total ou mesmo parcial de duas bolsas de gorduras presentes uma em cada lado da boca, entre o maxilar e a mandíbula, chamadas de \"bolas de Bichat\". A finalidade da bichectomia é puramente estética: reduzir o volume da parte de baixo do rosto, por isso, é uma cirurgia controversa.</p><p>Com o passar da idade e a retirada dessas bolsas de gordura pode acarretar em uma aparência mais envelhecida, principalmente se for total.</p><p><b>Indicações da bichectomia</b></p><p>A bichectomia é uma cirurgia puramente estética e pode ser realizada por pessoas que querem afinar o rosto.</p><p><b>Pré-requisitos para fazer a cirurgia</b></p><p>É importante que seja feita uma avaliação clínica pelo profissional que executará a cirurgia, para que ele possa avaliar se há indicação e quais são as expectativas da paciente quanto ao tratamento.</p><p></p><p>Depois disso, é importante que o paciente faça os exames pré-cirúrgicos, que incluem hemograma completo, coagulograma e glicemia, para ver se ele está em condições de saúde para realizar a cirurgia. Além disso, é importante que o paciente passe pela avaliação de um cardiologista, se o médico achar necessário.</p><p><b>Contraindicações para bichectomia</b></p><p>Pessoas com problemas de saúde, como doenças infecciosas ativas, são contraindicadas a fazer esse tipo de cirurgia. Além disso, pessoas com uma expectativa irreal sobre o procedimento não devem realizar esse tipo de operação.</p><p><b>Como é feita bichectomia</b></p><p>A cirurgia é intraoral, ou seja, o corte é feito dentro da boca, pois as mucosas bucais tem uma melhor cicatrização e não deixam marca aparente. Nesses casos o paciente recebe anestesia local e sedação.</p><p><b>Duração da cirurgia</b></p><p>O tempo de duração da cirurgia dependerá da experiência do médico e de quaisquer eventuais complicações. Mas a bichectomia dura em média entre uma hora e uma hora e meia.<br><br><b>Possíveis complicações da bichectomia</b></p><p>As possíveis complicações são hemorragia, infecção local, formação de hematomas, e lesões à nervos que podem levar distúrbios sensitivos ou paralisias faciais.</p><p><b>Pré-operatório da bichectomia</b></p><p>Além da realização dos exames pré-operatórios (glicemia, coagulograma e hemograma completo) e da avaliação cardiológica, é importante que antes da bichectomia o paciente realize jejum de oito horas.</p><p><b>Pós-operatório da bichectomia</b></p><p>Normalmente ocorre um inchaço na região, devido ao corte cirúrgico, que pode ser tratado com o uso de compressas de água fria. Deve-se evitar consumir alimentos cítricos, que podem causar maior desconforto.</p><p>O retorno às atividades normais em geral demora uma semana e a volta das atividades físicas em torno de 3 semanas.</p><p><b></b><br></p><p><br><br></p>', '2017-11-22 17:30:36'),
(8, 1, 'Lipoaspiração de Papada', 'lipoaspiracao-de-papada', '25631061145248f50d59197b18881f61.jpg', 'O tratamento da papada pode ser feito através de uma lipoaspiração da região cervical. Pequenas incisões são feitas para a introdução de cânulas bem pequenas para aspirar a gordura.', '<p>O tratamento da papada pode ser feito através de uma lipoaspiração da região cervical. Pequenas incisões são feitas para a introdução de cânulas bem pequenas para aspirar a gordura.</p><p><b>Como é feita a lipo de papada?</b></p><p>A cirurgia é realizada com anestesia local e não há necessidade de internação. O procedimento tem duração média de 30 a 40 minutos.</p><p>Após a infiltração da região com anestésico local é utilizado uma fibra de 2mm de largura para liberar a energia na região. O processo de aplicação do laser dura em média 15 minutos para essa região. Em seguida é realizada a aspiração da gordura “derretida”.</p><p>Para a cirurgia é realizada uma pequena incisão de 4mm abaixo do queixo. Para o fechamento da incisão é necessário apenas um ponto que é removido com 1 semana de pós operatório.</p><p><b>Recuperação após da lipo da papada</b></p><p>Em 72 horas o paciente já pode retornar às suas atividades diárias. Em 5 dias já é possível realizar atividades físicas. Recomenda–se utilizar uma malha compressiva por um período de 2 a 3 semanas após a lipo de papada. Não há necessidade de usar a malha compressiva o dia todo, apenas no período em que se está em casa. Algumas sessões de drenagem linfática na região podem ajudar na redução do inchaço e melhorar a recuperação. O resultado definitivo da cirurgia é esperado em 4 a 6 meses após o procedimento.Nossa sociedade ocidental tende a valorizar pessoas com o rosto angulado e queixo bem definido, associando a elas características de personalidade forte e beleza.<br></p><p><br></p>', '2017-11-22 17:31:07');
INSERT INTO `cirurgias` (`id`, `categorias_cirurgias_id`, `titulo`, `nome_url`, `imagem`, `texto_breve`, `texto`, `data`) VALUES
(11, 3, 'Fissuras Lábio-palatinas', 'fissuras-labio-palatinas', 'f09fd0f6140091044d5ce3b1032bc5d2.jpg', 'As fissuras labiopalatinas são os defeitos congênitos mais comuns entre as malformações que afetam a face do ser humano, atingindo uma criança a cada 650 nascidas, de acordo com a literatura especializada. De origem latina, a palavra “fissura” significa fenda, abertura.', '<p>As fissuras labiopalatinas são os defeitos congênitos mais comuns entre as malformações que afetam a face do ser humano, atingindo uma criança a cada 650 nascidas, de acordo com a literatura especializada. De origem latina, a palavra “fissura” significa fenda, abertura.</p><p><b>O que é fissura labiopalatina?</b></p><p>A maioria dos estudos considera as fissuras labiopalatinas como defeitos de não fusão de estruturas embrionárias. Ou seja, tanto o lábio como palato (“céu da boca”) são formados por estruturas que, nas primeiras semanas de vida, estão separadas. Estas estruturas devem se unir para que ocorra a formação normal da face. Se, no entanto, esta fusão não acontece, as estruturas permanecem separadas, dando origem às fissuras no lábio e/ou no palato. As fissuras faciais são estabelecidas na vida intra-uterina, no período embrionário (ou seja, até a 12a. semana de gestação), e apresentam grande diversidade de forma pela variabilidade na amplitude e pelas estruturas afetadas no rosto.</p><p><b>Classificação das fissuras</b></p><p>De acordo com as estruturas faciais afetadas, as fissuras recebem uma classificação. A figura abaixo ajuda a entender onde se localiza o forame incisivo, ponto anatômico de referência no diagnóstico da fissura.</p><p style=\"text-align: center;\"><img src=\"http://files.marina-fissura.webnode.com.br/200000080-1264b135e4/esquema.jpg\" alt=\"Resultado de imagem para CLASSIFICAÇÃO DAS FISSURAS\" style=\"width: 529px; height: 312.992px;\"></p><p style=\"text-align: left;\"><b>Fissuras pré-forame incisivo:</b></p><p style=\"text-align: left;\">Fissuras que se restringem ao palato primário, ou seja, envolvem o lábio e/ou o rebordo alveolar sem ultrapassar o limite do forame incisivo. Varia desde um pequeno corte no vermelhão do lábio (incompleta) até toda a extensão do palato primário (completa). Podem ser classificadas em unilateral (só de um lado),bilateral (nos dois lados) ou mediana (no meio).</p><p style=\"text-align: left;\"><b>Fissuras transforame incisivo:</b></p><p style=\"text-align: left;\">São fissuras completas, ou seja, que envolvem total e simultaneamente o palato primário e o palato secundário. Estende-se desde o lábio até a úvula (“campainha”), atravessando o rebordo alveolar. Podem ser também classificadas em unilateral (só de um lado), bilateral (nos dois lados) ou mediana (no meio).</p><p style=\"text-align: left;\"><b>Fissuras pós-forame incisivo:</b></p><p style=\"text-align: left;\">Envolvem apenas o palato (“céu da boca”), mantendo o lábio intacto assim como os dentes. Ocorrem quando as estruturas do palato secundário não fazem a fusão. As consequências são essencialmente funcionais, no mecanismo velofaríngeo e na tuba auditiva. São consideradas completas quando atingem tanto palato mole como palato duro, morrendo no forame incisivo.</p><p style=\"text-align: left;\"><b>Fissura submucosa:</b></p><p style=\"text-align: left;\">Malformação que ocorre no palato secundário considerada forma anatômica subclínica. O defeito é na musculatura do palato mole e/ou no tecido ósseo do palato duro, sendo que a camada da mucosa permanece íntegra. Pode ocorrer de forma isolada, associada à fissura de palato primário ou a síndromes.&nbsp;</p><p style=\"text-align: left;\"><b>Por que ocorre?</b></p><p style=\"text-align: left;\">Não há apenas uma causa para a ocorrência da fissura. Acredita-se que a fissura se dê por uma interação de diversos genes associados a fatores ambientais; este modelo é conhecido como herança multifatorial. Os fatores ambientais mais conhecidos que são de risco para as fissuras são: bebida alcoólica, cigarros e alguns medicamentos (como corticóides e anticonvulsivantes), principalmente quando utilizados no primeiro trimestre da gestação. A ação destes fatores ambientais depende de uma predisposição genética do embrião (interação gene versus ambiente). Hoje, com o avanço das tecnologias de imaginologia, é possível identificar a ocorrência de fissura por exames de imagens no período pré-natal.</p><p style=\"text-align: left;\"><b>Como é o tratamento?</b></p><p>O processo de reabilitação é longo e deve observar o crescimento craniofacial do indivíduo para que não haja sequelas, como crescimento ósseo inadequado. A reabilitação compreende etapas terapêuticas de acordo com idade e crescimento, e envolve a atuação de diversas especialidades.</p><p>A criança deve ser acompanhada por uma equipe interdisciplinar, composta por profissionais da cirurgia craniomaxilofacial, otorrinolaringologia, cirurgia plástica, fonoaudiologia e odontologia, especialidades consideradas essenciais na reabilitação das fissuras, além de um profissional de genética. Após essa primeira avaliação são discutidas as condutas terapêuticas iniciais e realizado encaminhamento para exames e outros atendimentos, de acordo com a necessidade de cada caso.</p><p></p><p>Embora haja um protocolo comum de etapas e condutas terapêuticas no tratamento da fissura labiopalatina, cada caso é analisado individualmente, pois a evolução do tratamento depende de vários fatores individuais. O protocolo estabelece as épocas adequadas de cada intervenção, sempre respeitando o crescimento craniofacial e a maturidade fisiológica do paciente. No total, o tratamento leva de 16 a 20 anos para se completar.</p><div><br></div>', '2017-11-22 17:32:11'),
(12, 3, 'Trauma Facial', 'trauma-facial', '063838ae8425469be62edf5dc5933893.jpg', 'Os traumas de face são ocorrências comuns em hospitais e unidades de emergência, variando de leves traumatismos que necessitam de alguns cuidados básicos no seu tratamento, à fraturas complexas que exigem tratamento cirúrgico em nível hospitalar. Dentro da traumatologia craniomaxilofacial, podemos incluir tanto os traumatismos nas estruturas da face propriamente dita (pele, músculos, nervos, vasos sanguíneos e ossos da face e crânio), quanto os traumas da cavidade bucal (dentes, gengiva, língua,', '<p>Os traumas de face são ocorrências comuns em hospitais e unidades de emergência, variando de leves traumatismos que necessitam de alguns cuidados básicos no seu tratamento, à fraturas complexas que exigem tratamento cirúrgico em nível hospitalar. Dentro da traumatologia craniomaxilofacial, podemos incluir tanto os traumatismos nas estruturas da face propriamente dita (pele, músculos, nervos, vasos sanguíneos e ossos da face e crânio), quanto os traumas da cavidade bucal (dentes, gengiva, língua, osso maxilar, osso mandibular, vasos sanguíneos e nervos da boca).</p><p><b>Qual a área profissional responsável pelo tratamento dos traumas de face?</b></p><p>A área de traumatologia craniomaxilofacial, representada pelo Cirurgião Craniomaxilofacial, é aquela responsável pelos traumas da face, também chamado de traumatismos craniofaciais. Esta área compreende os traumas localizados em: (1) ossos do crânio (frontal, parietais, temporais, occiptal); (2) ossos nasais (fraturas de nariz); (3) ossos malares ou zigomáticos (fraturas na região da maçã do rosto); (4) ossos da órbita (fraturas na região da órbita dos olhos); (5) ossos maxilares (fratura de maxila ou fratura de mandíbula); (6) rebordo alveolar e dentes (fraturas alvéolo-dentárias ou dentárias); (7) pele da face, lábios e língua, além de músculos, vasos sanguíneos e nervos da região da face e da cavidade bucal (cortes, lacerações, ferimentos perfuro-cortantes).</p><p><b>Quais os sinais e sintomas das fraturas de face?</b></p><p>Entre os sintomas das fraturas faciais podemos citar: (1) dor variável, de leve a intensa, dependendo do tipo de trauma de face e do local acometido; (2) dormência do queixo, lábios, língua, gengiva, dentes, bochechas, nariz e testa, dependendo do tipo de trauma de face e local de acometimento; (3) dificuldades em movimentar a mandíbula (dor e limitação dos movimentos por impedimento mecânico); (4) alterações da oclusão, ou seja, modificações na “mordida”; (5) cortes e lacerações; (6) hematoma, equimose e edema (áreas arroxeadas e inchadas).</p><p><b>Como é o tratamento dos traumas de face?</b></p><p>O primeiro atendimento é emergencial e tem como objetivo garantir a vida do paciente nos traumas mais graves ou apenas evitar maiores danos no local das injúrias nos casos de traumas faciais mais leves. Após o atendimento emergencial, segue-se a solicitação de exames complementares para determinação de um diagnóstico mais preciso e, desta forma, instituir o correto tratamento.</p><p>O cirurgião Craniomaxilofacial, muitas vezes solicitado para agir em salas emergenciais, é o especialista que irá realizar o tratamento do paciente vítima de trauma de face. Após o atendimento emergencial e a execução dos exames de rotina e exames complementares para diagnóstico, inicia-se o tratamento definitivo do paciente. Na maioria das vezes estes tratamentos envolvem suturas de feridas e tratamento cirúrgico das fraturas presentes.</p><p>Por fim, o cirurgião prescreve as medicações que serão utilizadas após o procedimento, esclarece dúvidas e orienta paciente e familiares quais serão os cuidados necessários. Todos estes passos são importantes para que o procedimento seja feito em segurança.</p><p>Confie sua face a um cirurgião craniomaxilofacial!</p>', '2017-11-22 17:32:32'),
(13, 3, 'Deformidades Craniofaciais', 'deformidades-craniofaciais', 'f0bda61d5db55abce6a6d78bad4c3b10.jpg', 'As anomalias congênitas afetam cerca de 5% dos nascidos vivos em todo mundo. Possui incidência mais discreta em países desenvolvidos porém, nos países em desenvolvimento da América Latina, esses índices variam em torno de 10-25% de internações hospitalares pediátricas, ocupando entre a terceira e quarta causa de morte no primeiro ano de vida. No Brasil, os defeitos congênitos ocuparam a segunda causa de mortes perinatais no ano 2000.', '<p>As anomalias congênitas afetam cerca de 5% dos nascidos vivos em todo mundo. Possui incidência mais discreta em países desenvolvidos porém, nos países em desenvolvimento da América Latina, esses índices variam em torno de 10-25% de internações hospitalares pediátricas, ocupando entre a terceira e quarta causa de morte no primeiro ano de vida. No Brasil, os defeitos congênitos ocuparam a segunda causa de mortes perinatais no ano 2000.<br></p>', '2017-11-22 17:32:52'),
(14, 3, 'Cirurgia Ortognática (Deformidades dentofaciais)', 'cirurgia-ortognatica-deformidades-dentofaciais', '803c0a4d93bfe5991a9d63feb5a34070.jpg', 'A cirurgia ortognática é o tratamento para pacientes que possuem deformidades envolvendo os dentes e o esqueleto da face. Quando não é possível resolver o caso somente com o tratamento ortodôntico, uma vez que o problema está no excesso ou falta de crescimento do esqueleto facial e não somente na posição dos dentes, então é necessária a cirurgia ortognática.', '<p>A cirurgia ortognática é o tratamento para pacientes que possuem deformidades envolvendo os dentes e o esqueleto da face. Quando não é possível resolver o caso somente com o tratamento ortodôntico, uma vez que o problema está no excesso ou falta de crescimento do esqueleto facial e não somente na posição dos dentes, então é necessária a cirurgia ortognática.</p><p><b>Qual a origem das deformidades?</b></p><p>Essas deformidades podem ter origem devido a Síndromes e Anomalias Específicas (fatores teratogênicos, fatores embriológicos, microssomia hemifacial, Treacher Collins, fissuras faciais, craniossinostoses, Pierre Robin...), distúrbios de crescimento após o nascimento, trauma facial, problemas musculares e hormonais ou de origem genética quando existe algum familiar com as mesmas características.</p><p><b>Quais as alterações que podem implicar a necessidade da cirurgia ortognática?</b></p><ul><li>Dificuldade na mastigação;</li><li>Dificuldade na deglutição;</li><li>Desgaste excessivo dos dentes;</li><li>Mordida aberta;</li><li>Mordida profunda;</li><li>Mordida cruzada;</li><li>Aparência facial desarmônica;</li><li>Defeitos congênitos ou sequelas de trauma na face;</li><li>Queixo pequeno ou retraído;</li><li>Queixo grande ou protuído;</li><li>Queixo desviado para um dos lados;</li><li>Mandíbula muito para frente ou projetada;</li><li>Mandíbula muito para trás ou retruída;</li><li>Incapacidade  de fechar os lábios sem esforço muscular;</li><li>Respiração oral crônica;</li><li>Dor crônica na ATM e cefaléias;</li><li>Síndrome da apnéia obstrutiva do sono;</li></ul><p><b>Quais os benefícios deste tratamento ortodôntico e cirúrgico?</b></p><ul><li>Melhoria da relação entre os dentes, músculos e esqueleto;</li><li>Melhoria da respiração;</li><li>Melhoria do posicionamento da musculatura do pescoço;</li><li>Melhoria do posicionamento da língua;</li><li>Melhoria da fonação e da articulação das palavras;</li><li>Melhoria da oclusão e da articulação temporomandibular (ATM);</li><li>Melhoria da mastigação e da digestão;</li><li>Melhoria no relacionamento social;</li></ul><p><b>Quais são as fases do tratamento?</b></p><ul><li>Montagem do aparelho ortodôntico fixo – o tratamento ortodôntico pode levar de 18 a 24 meses antes da cirurgia para deixar os dentes em uma posição adequada;</li><li>Cirurgia Ortognática (ainda com o aparelho ortodôntico);</li><li>Retorno ao tratamento ortodôntico após a cirurgia para melhorar definitivamente a posição dos dentes;</li></ul><p></p><p>O tempo do tratamento depende do grau de dificuldade do tratamento ortodôntico.</p><p><b>Como é realizada a cirurgia?</b></p><p>Antes é feita a preparação do paciente com todos os exames necessários. O diagnóstico e o planejamento da cirurgia são realizados minuciosamente antes da cirurgia por meio de modelos de estudo montados em articulador, radiografias e traçados cefalométricos. O planejamento leva muito mais tempo do que a própria cirurgia.</p><p></p><p>A cirurgia é realizada sob anestesia geral. O paciente é internado na manhã da cirurgia em \"jejum absoluto\" (não pode comer nenhum tipo de alimento nem tomar água nas 08h antes da cirurgia) e dependendo da situação o paciente recebe alta no dia seguinte. A cirurgia é realizada através da cavidade oral, não deixando cicatriz na face. O esqueleto é fixado com mini-placas e parafusos de titânio não permitindo micromovimentação dos ossos. Na pós-cirurgia é normal surgir inchaço na face o qual diminui ao fim de alguns dias.</p><p><b>Quais são os cuidados Pós Cirúrgicos?</b></p><ul><li>A alimentação deve ser fria e mole.</li><li>A utilização de gelo diminui o inchaço e deve ser usado frequentemente nas primeiras 24 horas.</li><li>Cumprir rigorosamente a medicação prescrita.</li></ul><p><b></b><br></p>', '2017-11-22 17:33:16'),
(15, 4, 'Amigdalectomia (retirada das amígdalas)', 'amigdalectomia-retirada-das-amigdalas', '1bdbf2e6184e11a5532e44ae274ff15d.jpg', 'As amígdalas são órgãos que ajudam a reforçar a imunidade do trato aero digestivo superior, podendo sua função estar comprometida principalmente por hipertrofia (aumento) ou infecções repetidas.', '<p style=\"text-align: justify; \">O que são as amígdalas?</p><p style=\"text-align: justify;\">As amígdalas são órgãos que ajudam a reforçar a imunidade do trato aero digestivo superior, podendo sua função estar comprometida principalmente por hipertrofia (aumento) ou infecções repetidas.</p><p style=\"text-align: justify;\">O que é a amigdalectomia?</p><p style=\"text-align: justify; \">É o nome dado à remoção cirúrgica das tonsilas palatinas (amígdalas).</p><p style=\"text-align: justify;\">Qual sua finalidade?</p><p style=\"text-align: justify;\">O principal objetivo desta cirurgia é restabelecer uma adequada respiração nasal, normalmente prejudicada em pacientes com hipertrofia de amígdalas e adenóides. As indicações cirúrgicas são absolutas quando ocorre hipertrofia com obstrução da via respiratória (roncos e obstrução nasal) ou da via digestiva (engasgos freqüentes e dificuldade de alimentação) e crises infecciosas muito intensas ou repetidas. As indicações cirúrgicas são relativas nas adenoamigdalites de repetição, abscesso periamigdaliano,&nbsp; halitose (mau hálito) e para o tratamento de sinusites ou otites de repetição.</p><p style=\"text-align: justify;\">Como é realizada?</p><p style=\"text-align: justify;\">A cirurgia deve ser realizada sob anestesia geral somente em hospitais com estrutura adequada. O paciente dorme e não sente nenhuma dor durante o procedimento. Na maioria dos casos recebe alta no mesmo dia da cirurgia, necessitando de poucos dias de recuperação em casa. </p><p style=\"text-align: justify;\">Estamos preparados para explicar os riscos e benefícios dessa cirurgia, assim como a forma mais segura possível de realizá-la. Estamos à disposição para o esclarecimento de eventuais dúvidas.<br></p>', '2017-11-22 17:34:12'),
(16, 4, 'Adenoidectomia (remoção da adenóide)', 'adenoidectomia-remocao-da-adenoide', '403fd14d1bcb48498f5794a9af5dd8d7.jpg', 'As adenóides são órgãos que reforçam a imunidade do trato aero ¬digestivo superior, podendo sua função estar comprometida principalmente por hipertrofia (aumento) ou infecções repetidas.', '<p style=\"text-align: justify; \">O que são as adenóides?</p><p style=\"text-align: justify; \">As adenóides são órgãos que reforçam a imunidade do trato aero ¬digestivo superior, podendo sua função estar comprometida principalmente por hipertrofia (aumento) ou infecções repetidas.</p><p style=\"text-align: justify;\">O que é a adenoidectomia?</p><p style=\"text-align: justify;\">É o nomes dado à remoção cirúrgica das tonsilas faríngeas (adenóides).</p><p style=\"text-align: justify;\">Qual a sua finalidade?</p><p style=\"text-align: justify;\">O principal objetivo desta cirurgia é restabelecer uma adequada respiração nasal, normalmente prejudicada em pacientes com hipertrofia da adenóide.</p><p style=\"text-align: justify;\">As indicações cirúrgicas são absolutas quando ocorre hipertrofia com obstrução da via respiratória (roncos e obstrução nasal) e crises infecciosas muito intensas ou repetidas.</p><p style=\"text-align: justify;\">As indicações cirúrgicas são relativas para o tratamento de sinusites ou otites de repetição.</p><p style=\"text-align: justify;\">Como é realizada?</p><p style=\"text-align: justify;\">A cirurgia é realizada sob anestesia geral somente em hospitais com estrutura adequada. O paciente dorme e não sente nenhuma dor durante o procedimento. Na maioria dos casos recebe alta no mesmo dia da cirurgia, necessitando de poucos dias de recuperação em casa.</p><p style=\"text-align: justify;\">É comum a remoção das amígdalas hipertrofiadas junto com as adenóides. Estamos preparados para explicar os riscos e benefícios dessa cirurgia, assim como a forma mais segura possível de realizá-la. Estamos à disposição para o esclarecimento de eventuais dúvidas.<br></p>', '2017-11-22 17:34:37'),
(17, 4, 'Cirurgia dos cornetos inferiores', 'cirurgia-dos-cornetos-inferiores', '6aa01e951297ec407a48c2c0ffaac821.jpg', 'Conchas ou cornetos nasais são projeções ósseas para o interior da cavidade nasal, recobertos por mucosa com função de aquecer e umidificar o ar inspirado. Existem no nariz cerca de três conchas de cada lado (superior, média e inferior).', '<p style=\"text-align: justify; \">O que são as conchas nasais?</p><p style=\"text-align: justify;\">Conchas ou cornetos nasais são projeções ósseas para o interior da cavidade nasal, recobertos por mucosa com função de aquecer e umidificar o ar inspirado. Existem no nariz cerca de três conchas de cada lado (superior, média e inferior).</p><p style=\"text-align: justify;\">Corneto e adenóide são a mesma coisa?</p><p style=\"text-align: justify;\">Não, esta é uma confusão frequente! O corneto fica dentro do nariz e é uma das principais causas de obstrução nasal em adultos. A adenóide fica no fundo do nariz e é importante causa de obstrução nasal em crianças (no adulto a adenóide praticamente não existe).</p><p style=\"text-align: justify;\">Para quem está indicada a Turbinectomia?</p><p style=\"text-align: justify;\">A Turbinectomia está indicada quando o paciente apresenta obstrução nasal importante decorrente do aumento (hipertrofia) do corneto, que não responde ao tratamento medicamentoso. A principal causa para o aumento dos cornetos é a Rinite Alérgica.</p><p style=\"text-align: justify; \">Como é realizada a cirurgia?</p><p style=\"text-align: justify;\">Geralmente, a obstrução nasal é causada por aumento do corneto inferior. A cirurgia consiste em basicamente remoção do excesso do corneto. A cirurgia dura cerca de 30 minutos. Normalmente não é necessário uso de tampões.</p><p style=\"text-align: justify;\">Quais são os possíveis riscos e complicações?</p><p style=\"text-align: justify;\">É considerada uma cirurgia de baixo risco. Raramente ocorrem sangramentos importantes em que há necessidade de uso de tampão nasal ou cauterização do vaso sangrante. A taxa de satisfação com essa cirurgia é altíssima.</p><p style=\"text-align: justify;\">Quais são os cuidados no pós-operatório?</p><p style=\"text-align: justify;\">Normalmente, o paciente recebe alta no mesmo dia em que foi realizada a cirurgia. Deve ser mantido repouso relativo por cerca de 48 horas após a cirurgia. Neste período é normal a saída de pequena quantidade de sangue pelo nariz ou garganta. Atividade física deve ser iniciada somente após 30 dias.</p><p style=\"text-align: justify;\">É importante a realização de limpeza nasal rigorosa especialmente no primeiro mês após o procedimento cirúrgico. Neste período será necessário retorno semanalmente ao consultório, para que sejam removidas crostas que por ventura venham a se formar.</p><p style=\"text-align: justify;\">Nos pacientes portadores de Rinite Alérgica é essencial o acompanhamento e tratamento da doença mesmo com a cirurgia para que os sintomas não retornem.</p>', '2017-11-22 17:34:56'),
(18, 4, 'Cirurgia dos seios da face (sinusectomia)', 'cirurgia-dos-seios-da-face-sinusectomia', '1d3f79539929ed47bba7194690256090.jpg', 'São cavidades localizadas na face recobertas por epitélio semelhante ao do nariz e que possuem óstios de drenagem para dentro da cavidade nasal.', '<p style=\"text-align: justify; \">O que são seios paranasais?</p><p style=\"text-align: justify;\">São cavidades localizadas na face recobertas por epitélio semelhante ao do nariz e que possuem óstios de drenagem para dentro da cavidade nasal.</p><p style=\"text-align: justify;\">Quando deve ser realizada a cirurgia dos seios paranasais?</p><p style=\"text-align: justify;\">A cirurgia endoscópica dos seios da face é geralmente utilizada para tratamento, diagnóstico, biópsia de diversas doenças do nariz e seios da face, como sinusite crônica, micoses, cistos de seios paranasais, polipose nasal, tumores de nariz e seios da face, entre outros.</p><p style=\"text-align: justify;\">Como é realizada a cirurgia?</p><p style=\"text-align: justify;\">A cirurgia é realizada na maioria das vezes com anestesia geral. É introduzido, na cavidade nasal uma fibra óptica, conectado a um sistema de vídeo que amplia a imagem do interior do nariz, dando ao cirurgião maior detalhamento da área a ser operada. O médico então poderá realizar tanto a remoção de lesões dentro do nariz, quanto dos seios da face, drenagem de secreções no interior dos seios. Na maioria das vezes também é necessário ampliar os óstios dos seios da face, para melhorar a drenagem e evitar assim novos episódios de sinusite.</p><p style=\"text-align: justify;\">Quais são as possíveis complicações?</p><ul><li style=\"text-align: justify;\"><b>Sinéquias </b>– Consiste em uma cicatrização inadequada do corneto, que leva a obstrução nasal, ocorre em cerca de 8% dos casos. Pode ser evitada com limpeza adequada no pós-operatório.</li><li style=\"text-align: justify;\"><b>Fechamento do óstio</b> – Causando sinusite, sendo necessário reoperação.</li><li style=\"text-align: justify;\"><b>Hemorragia </b>– Pode ocorrer sangramentos tanto no pós-operatório imediato quanto tardio, sendo raramente necessário colocação de tampão ou reintervenção cirúrgica para nova cauterização.</li><li style=\"text-align: justify;\"><b>Fístula liquórica</b> – Cérebro é envolvido por três membranas e uma fina camada de líquido chamada líquor. Devido a proximidade dos seios da face com o cérebro existe uma rara chance de lesão do cérebro ou dos tecidos que envolvem o cérebro, podendo haver saída de líquor pela cavidade nasal.</li><li style=\"text-align: justify;\"><b>Problemas visuais</b> – Em casos extremamente raros podem ocorrer danos ao olho causando redução da visão. Pode evoluir também com lacrimejamento excessivo, olho seco.</li></ul><p style=\"text-align: justify;\">Quais são os cuidados no pós-operatório?</p><p style=\"text-align: justify;\">Normalmente o paciente recebe alta no mesmo dia em que foi realizada a cirurgia. Se houver a necessidade de se colocar tampão, o paciente deve retornar em cerca de 24 horas para remoção do mesmo.</p><p style=\"text-align: justify;\">Deve ser mantido repouso relativo cerca de 48 horas após a cirurgia, neste período e normal a saída de pequena quantidade de sangue pelo nariz ou garganta. Atividade física deve ser iniciada somente após 30 dias.</p><p style=\"text-align: justify; \">É importante realização de limpeza nasal rigorosa cerca de seis semanas após o procedimento cirúrgico. Neste período será necessário retorno periódico ao consultório, para que sejam removidas crostas que por ventura venham a se formar.</p>', '2017-11-22 17:35:17'),
(19, 4, 'Septoplastia (cirurgia do septo nasal)', 'septoplastia-cirurgia-do-septo-nasal', '00ec8d2f3402311b52a7a403c252ec8f.jpg', 'Septoplastia é a cirurgia realizada para corrigir o desvio de septo. Na maioria das vezes, realizamos a septoplastia sob anestesia geral. Em casos mais simples ou retoques de cirurgias já feitas, podemos optar pela anestesia local com sedação.', '<p style=\"text-align: justify; \">O DESVIO DE SEPTO<br></p><p style=\"text-align: justify;\">Geralmente, existem duas razões para uma pessoa a ser submetida à cirurgia do nariz: <b>Funcional</b>, para correção do desvio de septo e outras alterações que impedem a boa respiração e <b>estético</b>, para corrigir características externas que incomodem o paciente. Os procedimentos necessários para correção destas alterações podem ser realizados juntos ou isoladamente.</p><p style=\"text-align: justify;\">Aqui falaremos do <b>desvio de septo nasal e da septoplastia</b>. Trata-se da cirurgia empregada&nbsp; para aliviar as queixas de <b>nariz entupido, sinusites de repetição, dores de cabeça, dificuldades no olfato e no paladar.</b></p><p style=\"text-align: justify;\">O<b> septo nasal</b> é uma “parede” constituída em parte por uma fina lâmina óssea e cartilagem. Essa estrutura, recoberta pela mucosa nasal, separa a cavidade dos dois lados. Em algumas pessoas, o septo pode acabar saindo da linha média, se posicionando muito “desviado” para um ou ambos os lados. O desvio do septo pode ser causado por traumas e falhas no crescimento, impedindo o bom fluxo de ar pelo nariz. Essa má ventilação piora a qualidade respiratória, com impacto importante no sono e no dia a dia.<br></p><p style=\"text-align: justify; \">SEPTOPLASTIA, RINOPLASTIA E RINOSSEPTOPLASTIA</p><p style=\"text-align: justify;\">Septoplastia é a cirurgia realizada para corrigir o desvio de septo. Na maioria das vezes, realizamos a septoplastia sob anestesia geral. Em casos mais simples ou retoques de cirurgias já feitas, podemos optar pela anestesia local com sedação.</p><p style=\"text-align: justify;\">O septo nasal, como todo o restante da cavidade nasal, é coberto pela mucosa nasal. O primeiro passo da cirurgia consiste em se levantar esta cobertura, para que se exponha todas as alterações ósseas e cartilaginosas do septo. Após a remoção e remodelagem das áreas desviadas,&nbsp; a mucosa nasal é reposicionada e suturada.</p><p style=\"text-align: justify;\">Já a rinoplastia é a técnica cirúrgica aplicada para a correção das alterações estéticas, ou externas, do nariz. Num grande número de pacientes lançamos mão da rinosseptoplastia, união das duas técnicas, para proceder uma cirurgia que tenha tanto o objetivo de melhorar a respiração, quanto a estética.</p><p style=\"text-align: justify;\">No passado era comum o uso de tampões nasais após o término da cirurgia. Tanto a permanência quando a remoção do tampão nasal eram rodeadas de muitas queixas. O uso rotineiro do tamponamento acabou para contribuir para a péssima fama da cirurgia nasal, o que faz com que até hoje muitos pacientes candidatos a esses procedimentos cheguem ao consultório receosos deste procedimento. Felizmente, esse medo hoje é injustificado</p><p style=\"text-align: justify;\">Pessoalmente, não uso os tampões de forma rotineira, bem como a maioria dos cirurgiões nasais. A experiência de sair da cirurgia respirando pelo nariz e sem as dores causadas pelos tampões é radicalmente diferente do passado, sendo o pós-operatório atual praticamente indolor.</p><p style=\"text-align: justify;\">O uso da fibra ótica na cirurgia nasal (cirurgia endoscópica), de maneira minimamente invasiva, permite uma visão detalhada de todas alterações anatômicas. Isso permite uma correção precisa do desvio de septo, sem trauma desnecessário. Além disso, a visão endoscópica permite observar e cauterizar todas as áreas sangrantes, evitando o uso dos tampões nasais.</p><p style=\"text-align: justify;\">CUIDADOS PRÉ E PÓS-OPERATÓRIOS</p><p style=\"text-align: justify;\">Existe uma rotina de cuidados aplicados antes e após a cirurgia, com o objetivo de melhorar a experiência do pacientes, minimizando riscos e maximizando resultados. Seguem alguns deles:</p><p style=\"text-align: justify;\">PRÉ-OPERATÓRIO PARA CORREÇÃO DO DESVIO DE SEPTO</p><ul><li style=\"text-align: justify;\">Realização dos exames pré-operatórias adequados para cada paciente, dependendo da idade e condições clínicas</li><li style=\"text-align: justify;\">Todas as medicações usadas rotineiramente devem ser informadas ao médico. Anti-inflamatórios, aspirina e anti-coagulantes devem ser suspensos 7 a 10 dias antes da cirurgia.</li></ul><p style=\"text-align: justify;\">O DIA DA CIRURGIA:</p><ul><li style=\"text-align: justify;\">No dia, o paciente comparecerá ao hospital cerca de uma hora e meia antes da hora marcada para cirurgia, em jejum de 8 horas, inclusive de água.</li><li style=\"text-align: justify;\">Todos os exames relacionados à cirurgia devem ser levados ao hospital.</li><li style=\"text-align: justify;\">Já no hospital, tendo passado pelo procedimento de internação, o paciente será encaminhado ao seu quarto, onde trocará de roupa e aguardará o momento do deslocamento para o centro cirúrgico.</li><li style=\"text-align: justify;\">Dependendo do grau de ansiedade de cada paciente pela cirurgia, pode ser necessário o uso de um calmante antes da ida para a sala de cirurgia.</li></ul><p style=\"text-align: justify;\">PÓS-OPERATÓRIO IMEDIATO – Primeiras 4 horas:</p><ul><li style=\"text-align: justify;\">Após ter acordado ainda na sala de cirurgia o paciente será levado à sala de recuperação dentro do próprio centro cirúrgico ou retornará diretamente para o quarto, dependendo de suas condições clínicas. Não é comum a ocorrência de dor após a septoplastia.</li><li style=\"text-align: justify;\">Neste período alguns pacientes têm náuseas e mais raramente vômitos (que podem conter sangue), que costumam ser passageiros e não comprometem a cirurgia.</li><li style=\"text-align: justify;\">Pequenos sangramentos nasais também podem ocorrer e por isso usamos um curativo tipo “bigode” preso abaixo do nariz, que poderá ser trocado várias vezes, se necessário.</li><li style=\"text-align: justify;\">A melhor orientação para essas primeiras horas é deixar o paciente descansar, de preferência dormir, para que possa eliminar as medicações anestésicas ainda circulantes em sua corrente sanguínea.</li></ul><p style=\"text-align: justify;\">Normalmente o paciente sai do centro cirúrgico com uma gaze presa com esparadrapo obstruindo parcialmente as narinas (“bigode”). Nos casos de plástica nasal também poderão ser posicionados curativos especiais sobre o nariz.</p><p style=\"text-align: justify;\">PÓS-OPERATÓRIO TARDIO – Até 30 dias</p><ul><li style=\"text-align: justify;\">A dieta nos primeiros 2-3 dias deverá ser líquida e pastosa, sempre fria ou na temperatura ambiente. Exemplos: água, leite, sucos, água-de-coco, sopas frias, iogurtes, sorvetes, gelatinas. Entre o terceiro e quarto dias deverá ser iniciada a dieta mais sólida podendo o paciente se alimentar (quase) normalmente.</li><li style=\"text-align: justify;\">O desconforto da primeira semana ocorre pela obstrução nasal. A correta limpeza nasal e o uso de soluções salinas em spray ajudam a aliviar esta queixa. Nas três semanas seguintes, a obstrução ainda pode incomodar, porém em intensidade menor.</li><li style=\"text-align: justify;\">Inchaço do rosto e dos olhos podem ocorrer entre o segundo e sétimo dias, apenas quando houver correção estética do nariz (rinoplastia) associada.</li><li style=\"text-align: justify;\">Exercícios físicos de qualquer tipo estão proibidos nesta fase. Corrida, bicicleta ou musculação normalmente podem ser retomadas após um mês.</li><li style=\"text-align: justify;\">Ainda nesta fase, entre a segunda e quinta semanas, é comum a eliminação de crostas pretas e duras de dentro do nariz, causadas pelo sangue coagulado e seco.</li></ul>', '2017-11-22 17:35:38'),
(20, 4, 'Colocação de tubos de ventilação', 'colocacao-de-tubos-de-ventilacao', 'c48068f59e9ce0fdb7653c7503c4bbea.jpg', 'Muitas crianças passam por um ou mais episódios de dor de ouvido causados por otite média até os 5 anos de idade. Na grande maiorias das vezes, essas otites curam espontaneamente ou são tratadas com antibióticos orais. Mais raramente entretanto, esses episódios repetem-se muitas vezes, ou tornam-se crônicos. Esses casos podem gerar complicações, como perda auditiva, atraso no desenvolvimento da linguagem e alteração no comportamento e outras complicações mais sérias, com risco de vida ou de sequ', '<p style=\"text-align: justify;\">OTITES NA INFÂNCIA</p><p style=\"text-align: justify;\">Muitas crianças passam por um ou mais episódios de dor de ouvido causados por otite média até os 5 anos de idade. Na grande maiorias das vezes, essas otites curam espontaneamente ou são tratadas com antibióticos orais. Mais raramente entretanto, esses episódios repetem-se muitas vezes, ou tornam-se crônicos. Esses casos podem gerar complicações, como perda auditiva, atraso no desenvolvimento da linguagem e alteração no comportamento e outras complicações mais sérias, com risco de vida ou de sequelas graves (quadro abaixo). É quando o tubo de ventilação se torna uma arma importante na para o tratamento ou prevenção.</p><table class=\"table table-bordered\"><tbody><tr><td style=\"text-align: center;\">COMPLICAÇÕES DAS OTITES MÉDIAS<br></td></tr><tr><td style=\"text-align: center;\">Atraso na fala</td></tr><tr><td style=\"text-align: center;\">Meningite</td></tr><tr><td style=\"text-align: center;\">Paralisia facial<br></td></tr><tr><td style=\"text-align: center; \">Abcesso cerebral\r\n</td></tr><tr><td style=\"text-align: center; \">Mastoidite\r\n</td></tr><tr><td style=\"text-align: center; \">Trombose do seio sigmoide</td></tr><tr><td style=\"text-align: center; \">Labirintite infecciosa</td></tr><tr><td style=\"text-align: center; \">Fístula labiríntica</td></tr><tr><td style=\"text-align: center; \">Petrosite</td></tr></tbody></table><p style=\"text-align: justify; \">O que é o tubo de ventilação?</p><p style=\"text-align: justify;\">Tubo de ventilação é um pequeno cilindro no formato de carretel, que funciona como um dreno comunicando suas extremidades, uma voltada para fora e outra para dentro da membrana do tímpano. Eles são feitos de diferentes materiais e podem ser de curta ou longa permanência. Com isso, a parte interna do tímpano, chamada orelha média, fica permanentemente aerada através do tubo, evitando o acúmulo das secreções causadoras das otites. Os tubos de curta permanência são colocados para permanecer em média 6 a 12 meses nos ouvidos enquanto os de longa permanência são usados para permanecer por&nbsp; anos ou por prazo indeterminado.</p><p><br></p><p style=\"text-align: center; \"><img src=\"http://www.movimentodown.org.br/wp-content/uploads/2013/02/problemasauditivos.jpg\" alt=\"Resultado de imagem para o tubo de ventilação naniz\" style=\"float: none;\"></p><p style=\"text-align: left;\"><br></p><p style=\"text-align: justify;\">Quem precisa de tubos de ventilação?</p><ul><li style=\"text-align: justify;\"><b>Otites de repetição</b>: Crianças com quadros de dor de ouvido recorrentes, com uso de antibiótico várias vezes ao ano podem se beneficiar da colocação do carretel para melhorar a ventilação do ouvido médio</li><li style=\"text-align: justify;\"><b>Otite média serosa, otite médica secretora (acúmulo de secreção atrás do tímpano)</b>: Quadros que pode acontecer em todas as idades, embora sejam mais comuns na criança. Além de causar perda auditiva e poder prejudicar o desenvolvimento das crianças, pode causar também zumbido, tonteira e alteração do equilíbrio.</li><li style=\"text-align: justify;\"><b>Aplicação de medicação tópica na orelha média</b>: o uso de medicação intratimpânica tem ganhado espaço no tratamento de algumas doenças do ouvido interno como surdez súbita e a síndrome de Ménière. Nesses casos o tubo de ventilação pode fornecer um canal adequado para aplicação de corticoides ou antibióticos.</li><li style=\"text-align: justify;\"><b>Disfunção da tuba auditiva</b>: o bom funcionamento da tuba auditiva (que liga o ouvido médio ao fundo do nariz) é fundamental para a saúde do ouvido médio e também para os momentos em que somos submetidos a diferenças na pressão ambientes como em viagens aéreas, mergulhos, subidas e descidas de serras e montanhas. Pacientes que viajam de avião com muita frequência e não conseguem aliviar os sintomas de dor e pressão nos ouvidos com o tratamento clínico, podem se beneficiar dos tubos de ventilação.</li></ul><p style=\"text-align: justify;\">Como é o procedimento para colocar o tubo de ventilação?</p><p style=\"text-align: justify;\">Apesar de ser um procedimento cirúrgico, a colocação do tubo de ventilação pode ser feita no consultório nos adultos, utilizando o videoendoscópio ou o microscópio. Em crianças podemos precisar de uma sedação ou anestesia geral, em ambiente hospitalar. O procedimento dura poucos minutos. Após a anestesia (geral ou local) e com visualização videoendoscópica ou microscópica, fazemos uma incisão na membrana timpânica e aspiração da secreção no ouvido médio. Em seguida introduzimos o tubo de ventilação através desta incisão.</p><p style=\"text-align: justify;\">Como é o pós-operatório?</p><p style=\"text-align: justify;\">A recuperação do procedimento costuma ser muito boa. No caso das crianças submetidas a anestesia geral, são necessárias 2 ou 3 horas para a recuperação completa do torpor e desorientação causados pela medicação anestésica.</p><p style=\"text-align: justify;\">O maior cuidado a partir deste momento é impedir a entrada de água nos ouvidos, já que eles se encontram “abertos” através dos tubos e sujeitos à infecções causadas pela entrada de bactérias contaminantes.</p><p style=\"text-align: justify;\">Após a cicatrização que dura alguns dias pode ser necessária uma audiometria para avaliar a recuperação da audição.</p><p style=\"text-align: justify;\">Quais as complicações possíveis?</p><p style=\"text-align: justify;\">A colocação do tubo de ventilação é um procedimento muito comum e seguro, entretanto não está livre de algumas raras complicações como a permanência de uma perfuração timpânica após a saída do tubo, infecções repetidas e drenagem de secreção pelo tubo.<br></p>', '2017-11-22 17:36:02'),
(21, 4, 'Cirurgia do Ronco e apnéia do sono', 'cirurgia-do-ronco-e-apneia-do-sono', '7945d60e90e42c74c8d4dd92cd2316fc.jpg', 'O som do ronco ocorre quando existe uma obstrução no fluxo livre de ar pela passagem na parte de trás da boca e do nariz. Esta região é a região que pode colapsar da via aérea (veja a ilustração) onde a língua e a parte superior da garganta se encontra com o palato mole e úvula. O ronco ocorre quando estas estruturas se chocam uma contra as outras e vibram durante a respiração.', '<p style=\"text-align: justify; \">Quarenta e cinco por cento da população de adultos normais roncam pelo menos, ocasionalmente e 25% por cento são roncadores habituais. O ronco patológico é mais freqüente em homens e pessoas com sobrepeso ou obesas, e geralmente piora com a idade.<br></p><p style=\"text-align: justify;\">O que causa o ronco?</p><p style=\"text-align: justify;\">O som do ronco ocorre quando existe uma obstrução no fluxo livre de ar pela passagem na parte de trás da boca e do nariz. Esta região é a região que pode colapsar da via aérea (veja a ilustração) onde a língua e a parte superior da garganta se encontra com o palato mole e úvula. O ronco ocorre quando estas estruturas se chocam uma contra as outras e vibram durante a respiração.</p><p style=\"text-align: justify;\">As pessoas que roncam podem sofrer de:</p><p style=\"text-align: justify;\"><b>Diminuição do tônus muscular na língua e na garganta</b>: quando os músculos estão muito relaxados, tanto pelo álcool ou por uso de medicações que causam sonolência, a língua cai para trás na via aérea e os músculos da garganta caem para os lados na via aérea. Isto ocorre durante o sono.</p><p style=\"text-align: justify;\"><b>Volume excessivo dos tecidos da garganta</b>: Crianças com amígdalas ou adenóides volumosas freqüentemente roncam. Pessoas com sobrepeso ou obesas também possuem aumento do volume dos tecidos do pescoço . De maneira mais rara tumores ou cistos também podem causar aumento do volume dos tecidos da garganta.</p><p style=\"text-align: justify;\"><b>Palato mole ou úvula alongada</b>: Um palato mole longo diminui a abertura do nariz para a garganta. Quando estes tecidos balançam (por estarem pendentes) funcionam como uma válvula durante a respiração relaxada. Uma úvula longa piora este aspecto ainda mais.</p><p style=\"text-align: justify;\"><b>Obstrução Nasal</b>: Um nariz congestionado ou trancado requer um esforço extra para a passagem do ar. Isto cria um vácuo exagerado na garganta, e puxa os tecidos moles um de encontro ao outro, funcionam como uma válvula causando o ronco. Desta maneira o ronco ocorre apenas durante a a primavera (fatores alérgicos) ou nos períodos de gripe ou sinusites. Deformidades nasais ou do septo nasal, tais como desvios de septo podem da mesma maneira causar obstrução.</p><p style=\"text-align: justify;\">O que é a Síndrome da Apnéia Obstrutiva do Sono (SAOS)?</p><p style=\"text-align: justify;\">Quando um ronco forte é interrompido por episódios freqüentes de paradas da respiração, isto é conhecido como apnéia obstrutiva do sono. Episódios mais sérios duram cerca de 10 segundos cada e ocorrem mais de 7 vezes por hora.</p><p style=\"text-align: justify;\">Pacientes com Síndrome da Apnéia Obstrutiva podem sofrem 30 a 300 eventos de apnéia por noite. Estes episódios podem reduzir os níveis sanguíneos de oxigênio, levando o coração a bater mais forte.</p><p style=\"text-align: justify;\">O efeito imediato da apnéia do sono é que o roncador deve dormir superficialmente e manter os músculos contraídos de maneira que mantenha a via aérea livre até os pulmões.</p><p style=\"text-align: justify;\">Porque o roncador não possui um bom sono, ele pode ficar sonolento durante o dia, o que pode comprometer o rendimento no trabalho e ser um perigo quando o roncador sonolento dirige ou opera um equipamento que exija atenção. Após muitos anos com esta desordem, pressão elevada e aumento de doenças cardiovasculares podem ocorrer.</p><p style=\"text-align: justify;\">Um otorrinolaringologista irá proporcionar uma avaliação do nariz, boca, garganta, palato e pescoço. Um estudo do sono em um ambiente adequado é necessário para determinar qual a intensidade do ronco e a relação na saúde do roncador.</p><p style=\"text-align: justify;\">Como é realizada a cirurgia?</p><p style=\"text-align: justify;\">Úvulopalatofaringoplastia (UPFP) é a cirurgia para o tratamento da apnéia obstrutiva do sono. Visa a retirar tecidos moles que vibram no palato e na garganta, e aumenta a passagem de ar. Ela é realizada através da boca sem realizar incisões na pele.</p><p style=\"text-align: justify;\">Quais são as complicações possíveis?</p><ul><li style=\"text-align: justify;\">Febre e dor – Febre e dores de garganta ou dor no ouvido ocorrem normalmente e não devem ser causa de inquietação, pois geralmente cedem entre 3 e 10 dias.</li><li style=\"text-align: justify;\">Mau-hálito – É comum ocorrer, e cede entre 7 e 14 dias.</li><li style=\"text-align: justify;\">Vômitos – Podem ocorrer algumas vezes, no dia da cirurgia, constituídos de sangue, mas sem significado de gravidade.</li><li style=\"text-align: justify;\">Hemorragia – Representa o maior risco desta cirurgia, podendo ocorrer até 10 dias após a mesma, sendo mais freqüente em pequeno volume e, mais raramente, em maior volume, podendo levar até a necessidade de nova cirurgia com anestesia geral e transfusão sanguínea.</li><li style=\"text-align: justify;\">Infecção – Pode ocorrer na região operada, causada por germes normais da faringe e, geralmente, regride sem antibióticos.</li><li style=\"text-align: justify;\">Voz anasalada (fanhosa) e refluxo de líquidos – Podem ocorrer nos primeiros dias desaparecendo sozinhos.</li></ul><p style=\"text-align: justify;\">Quais são os cuidados no pós-operatório?</p><p style=\"text-align: justify;\">Após a operação, aparecem no local da cirurgia placas brancas (fibrina). Essas placas não são sinais de infecção, e sim a evolução normal da cicatrização da mucosa da faringe. Deve-se tomar cuidado com essas placas para que elas não se desprendam bruscamente para evitar sangramento. Por isso, é conveniente:</p><ul><li style=\"text-align: justify;\">Repouso relativo após a cirurgia, evitando os exercícios bruscos.</li><li style=\"text-align: justify;\">Evitar manobras na boca que podem levar a desprendimentos das placas\r\n(higiene dental posterior, bochechos vigorosos).</li><li style=\"text-align: justify;\">Há medicamentos com a aspirina que interfere com a coagulação, procurar evitá-los antes e após a cirurgia.</li></ul><p style=\"text-align: justify;\">Dieta (alimentação) após a cirurgia:</p><p style=\"text-align: justify;\">1º dia: somente líquidos, ao natural ou gelado (leite, chá, sorvete, caldos, sucos de frutas não-ácidas).</p><p style=\"text-align: justify;\">2º e 3º dias: líquidos e alimentos pastosos: frio ou natural (chá, café, mingaus ralos, caldos, leite, suco de frutas, gemadas, etc).</p><p style=\"text-align: justify;\">4º, 5º e 6º dias: líquidos e alimentos pastosos: sopa de massa fina, mingaus, arroz mole com caldo de feijão, purê de batata, canja de galinha). Evite comer pão torrado ou outro alimento capaz de ferir a garganta. Retornar ao pouco a alimentação costumeira na medida do possível.<br></p>', '2017-11-22 17:36:23');
INSERT INTO `cirurgias` (`id`, `categorias_cirurgias_id`, `titulo`, `nome_url`, `imagem`, `texto_breve`, `texto`, `data`) VALUES
(22, 4, 'Biópsias nasais e bucais', 'biopsias-nasais-e-bucais', '023a289035209410b05b65f45ca4e57d.jpg', 'Biópsia (ou biopsia) é o procedimento cirúrgico no qual se colhe células ou um pequeno fragmento de tecido orgânico para serem submetidos a estudo em laboratório, visando determinar a natureza e o grau da lesão estudada. Também podem ser examinados líquidos, secreções e outros materiais orgânicos. Praticamente todos os órgãos e componentes corporais podem ser biopsiados: músculos, pele, ossos, líquidos, secreções, etc. O termo biópsia vem do grego, bios = vida e opsis = aparência, visão.', '<p style=\"text-align: justify; \">O que é biópsia?</p><p style=\"text-align: justify;\">Biópsia (ou biopsia) é o procedimento cirúrgico no qual se colhe células ou um pequeno fragmento de tecido orgânico para serem submetidos a estudo em laboratório, visando determinar a natureza e o grau da lesão estudada. Também podem ser examinados líquidos, secreções e outros materiais orgânicos. Praticamente todos os órgãos e componentes corporais podem ser biopsiados: músculos, pele, ossos, líquidos, secreções, etc. O termo biópsia vem do grego, bios = vida e opsis = aparência, visão.</p><p style=\"text-align: justify;\">Quais são as indicações para se fazer uma biópsia?</p><p style=\"text-align: justify;\">Os exames de imagem fornecem uma visão da morfologia ou funcionalidade dos órgãos ou de partes do corpo e os exames bioquímicos oferecem algumas comprovações indiretas do funcionamento intrínseco deles, no entanto, a morfologia das células e tecidos depende de uma análise microscópica de amostras retiradas das pessoas. Assim, o mais comum é proceder-se à biópsia naquelas pessoas com suspeitas diagnósticas de doenças que podem provocar alterações morfológicas nas células e tecidos, como os tumores, por exemplo, ou para estabelecer um diagnóstico diferencial entre enfermidades assemelhadas. Esse exame diagnóstico é indicado tanto em enfermidades simples, como as verrugas, como nas mais graves, como o câncer.&nbsp;</p><p style=\"text-align: justify;\">Embora o termo biópsia sempre desperte certa apreensão nas pessoas, a maioria delas revela situações simples e benignas. Em doenças infecciosas a biópsia pode ajudar a determinar o agente causal. Em doenças autoimunes uma biópsia ajuda a confirmar ou informar as alterações esperadas em órgãos ou tecidos. Uma biópsia também pode ajudar a avaliar a gravidade da lesão e a evolução do tratamento. Em lesões de malignidade suspeita ou confirmada, as biópsias ajudam a estabelecer o grau histológico de neoplasia e a determinar a natureza, taxa de crescimento e agressividade do tumor, ajudando a elaborar o plano do tratamento e a prever o prognóstico da doença.</p><p style=\"text-align: justify;\">Quais são as complicações possíveis da biópsia?</p><p style=\"text-align: justify;\">De uma maneira geral as biópsias são procedimentos simples, realizados em ambulatório, mas algumas podem demandar internações. As complicações dependem do tipo de intervenção, mas num sentido geral pode ocorrer agravamento de lesões por excesso de manipulação, hemorragias, infecções e/ou formação de fístulas.</p><p style=\"text-align: justify;\">Como se realiza uma biópsia?</p><p style=\"text-align: justify;\">Em geral as biópsias são realizadas sem necessidade de internação. Apenas em poucos casos a hospitalização pode se impor. Uma biópsia bem feita começa com uma adequada coleta do material. O profissional deve escolher a melhor área da lesão a ser biopsiada, a extensão correta de coleta e o material a ser colhido. O material colhido deverá ser conservado em solução de formol e posteriormente enviado a um laboratório de patologia, para avaliação e emissão de um laudo histopatológico.&nbsp;</p><p style=\"text-align: justify;\">Os prazos necessários para que se possa produzir esses laudos variam de acordo com o tipo de lesão, do material a ser analisado e o procedimento técnico adotado. O prazo médio oscila entre sete e quatorze dias, podendo chegar a um mês em casos de exames mais sofisticados.</p><p style=\"text-align: justify;\">Para que serve uma biópsia?</p><p style=\"text-align: justify;\">Uma biópsia serve para esclarecer um diagnóstico se ainda restarem dúvidas depois da história clínica, exame físico, dados bioquímicos e de imagens. Em casos de tumores, além de definir o diagnóstico, podem estabelecer a malignidade ou não deles e o grau histológico em que se encontram.<br></p>', '2017-11-22 17:36:43'),
(23, 4, 'Frenectomia Labial e lingual', 'frenectomia-labial-e-lingual', '5bd0ad84c9426dc64467a2973c5d9102.jpg', 'Frenectomia é a designação atribuída a uma pequena cirurgia que consiste em cortar e remover o freio, que é uma “prega” fina de tecido fibroso (tipo membrana), presente na boca. Em alguns casos, torna-se suficiente seccionar ou cortar parcialmente esse freio, visando alterar apenas o nível da sua inserção nos tecidos moles, por forma a dividi-lo ou reduzir o seu tamanho, sendo que neste caso passamos a denominar esta pequena operação cirúrgica de frenotomia, em vez de frenectomia.', '<p style=\"text-align: justify;\">O que é frenectomia?<br></p><p style=\"text-align: justify;\">Frenectomia é a designação atribuída a uma pequena cirurgia que consiste em cortar e remover o freio, que é uma “prega” fina de tecido fibroso (tipo membrana), presente na boca.&nbsp;</p><p style=\"text-align: justify;\">Em alguns casos, torna-se suficiente seccionar ou cortar parcialmente esse freio, visando alterar apenas o nível da sua inserção nos tecidos moles, por forma a dividi-lo ou reduzir o seu tamanho, sendo que neste caso passamos a denominar esta pequena operação cirúrgica de frenotomia, em vez de frenectomia.</p><div style=\"text-align: justify;\">Existem basicamente 2 tipos de freios:</div><div style=\"text-align: justify;\"><br></div><ol><li style=\"text-align: justify;\"><b>Freios labiais</b> (superior e inferior), localizados na linha mediana, sendo visíveis quando levantamos o lábio superior ou baixamos o inferior, e que se estendem desde o interior do lábio até à gengiva vestibular (frontal), tanto no maxilar superior como no inferior;</li><li style=\"text-align: justify;\"><b>Freio lingual</b>, localizado no ventre da língua (por baixo da língua), e que se insere desde a língua ao soalho da boca.</li></ol><p style=\"text-align: justify;\">Consoante o tipo de freio, denominamos de frenectomia lingual, no caso de secção do freio lingual, e frenectomia labial no caso dos freios labiais. No caso desta subdividimos em frenectomia labial superior, que como o próprio nome indica, é realizada no freio do lábio superior, e frenectomia labial inferior, que como o próprio nome indica, aquela que é efetuada no freio do lábio inferior.</p><p style=\"text-align: justify;\">Lateralmente aos freios labiais, podem ainda existir outras “pregas” fibrosas mais largas, chamadas de bridas, que são em quase tudo semelhantes aos freios. Diferem apenas na sua localização e dimensão em largura, que pode variar de alguns mm a 1 cm, por sua vez os freios geralmente não têm mais que 1 a 2 mm.</p><p style=\"text-align: justify;\">Indicações:</p><p style=\"text-align: justify;\">A cirurgia de Frenectomia é indicada nas seguintes situações, consoante o tipo de freio considerado, a saber:</p><p style=\"text-align: justify;\">Frenectomia labial</p><p style=\"text-align: center; \"><img src=\"http://staticr1.blastingcdn.com/media/photogallery/2017/1/28/660x290/b_586x276/freio-labial-com-baixa-insercao-na-denticao-mista-https-goo-gl-images-x6rbqu_1117623.jpg\" alt=\"Resultado de imagem para Frenectomia labial\"></p><ul><li style=\"text-align: justify;\">Presença de diastema interincisivo (dentes separados devido a espaço entre os dois incisivos centrais), associado à presença entre os mesmos de fibras do freio com inserção baixa, ao nível da papila interdentária, impedindo assim o fecho natural desse espaço;</li><li style=\"text-align: justify;\">Eventual limitação da mobilidade do lábio, resultante de uma inserção muito baixa do freio labial;</li><li style=\"text-align: justify;\">Motivos estéticos, principalmente nas situações de sorriso alto, ou seja, quando a pessoa expõe, ao sorrir, uma maior porção de gengiva, o chamado sorriso gengival;</li><li style=\"text-align: justify;\">Alterações da fonética (normalmente associadas à presença de um diastema de grande dimensão);</li><li style=\"text-align: justify;\">Quando interfere com a correção ortodôntica (ortodontia);</li><li style=\"text-align: justify;\">Quando interfere na estabilidade e retenção de próteses dentárias.</li></ul><p style=\"text-align: justify;\">Frenectomia lingual</p><p style=\"text-align: center;\"><img src=\"https://fortissima.com.br/wp-content/uploads/2013/07/lan-5-300x295.jpg\" alt=\"Resultado de imagem para Frenectomia lingual\"></p><ul><li style=\"text-align: justify;\">Limitação dos movimentos da língua quando o freio é muito curto, inserindo-se muito perto da ponta da língua;</li><li style=\"text-align: justify;\">Alterações da fala (fonética), pelo mesmo motivo;</li><li style=\"text-align: justify;\">Transtornos ou dificuldade na mastigação, também pelo mesmo motivo;</li><li style=\"text-align: justify;\">Lesões traumáticas, resultantes do “roçar” do freio nos incisivos inferiores, devido à grande proximidade entre as duas estruturas.</li></ul><p style=\"text-align: justify;\">Os casos de freio lingual muito curto que fazem a língua ficar “presa” (anquiloglosia), são mais prevalentes nos recém-nascidos e lactantes, podendo causar-lhes transtornos na alimentação, incluindo na sucção, pelo que a frenectomia lingual em bebe é um procedimento muitas vezes necessário para corrigir estas limitações. Se o problema for corretamente diagnosticado, a cirurgia pode realizar-se independentemente da idade, desde que o bebé não apresente qualquer contraindicação específica para o fazer.</p><p style=\"text-align: justify;\">Já quanto à idade ideal para se realizar a frenectomia labial, existem algumas considerações a ter em conta, pois existem situações que logo aos 2 anos de idade é possível identificar situações bem marcadas de um freio mais hipertrofiado (mais grosso) que o normal, de reservado prognóstico de regressão, pelo que nestes casos poder-se-á desde logo considerar a realização da cirurgia. Contudo, existem situações em que um freio anormal entre os 2 e os 4 anos, pode evoluir naturalmente para uma situação normal aos 8 ou 9 anos, consequência do natural alongamento da língua, pelo que muitas vezes se fica na expetativa, aguardando-se a possível e natural regressão do freio, a menos que hajam fortes evidências de que o impedimento do fecho de diastemas interincisivos seja causado por esse freio labial, e que isso esteja a implicar algum tipo de transtorno.</p><p style=\"text-align: justify;\">Assim sendo, torna-se algo discutível indicar com exatidão a partir de que idade se deve efetuar a frenectomia labial, havendo contudo alguma concordância de que este procedimento pode ou deve, esperar pela erupção completa dos dentes caninos, o que ocorre por norma entre os 11 e os 13 anos de idade. Estes dentes vão exercer forças mesiais que poderão fazer com que o freio se afaste da região interincisiva, promovendo o fecho natural dos diastemas.</p><p style=\"text-align: justify;\">Veja de seguida, passo a passo, como é realizada a cirurgia.</p><p style=\"text-align: justify;\">Como é realizada a cirurgia?</p><p style=\"text-align: justify;\">A cirurgia de Frenectomia é geralmente simples e possível de ser feita através de duas formas distintas, que passamos a descrever:</p><p style=\"text-align: justify;\"><b>Cirurgia convencional</b> - é realizada com bisturi normal ou convencional, sendo feitas incisões para corte ou secção do freio, no sentido de o remover parcial ou totalmente. Após este procedimento, é efetuada a sutura dos tecidos moles, com pontos reabsorvíveis ou não reabsorvíveis, sendo que estes últimos terão que ser posteriormente removidos (entre 7 a 10 dias).</p><p style=\"text-align: justify;\"><b>Cirurgia convencional</b> - é realizada com bisturi normal ou convencional, sendo feitas incisões para corte ou secção do freio, no sentido de o remover parcial ou totalmente. Após este procedimento, é efetuada a sutura dos tecidos moles, com pontos reabsorvíveis ou não reabsorvíveis, sendo que estes últimos terão que ser posteriormente removidos (entre 7 a 10 dias).</p><p style=\"text-align: justify;\">A cirurgia de frenectomia, independentemente do método ou técnica cirúrgica utilizada, não implica dor, pois a operação é realizada sob anestesia local e o pós-operatório, por norma, também não implica qualquer sintomatologia relevante.</p><p style=\"text-align: justify;\">Riscos e complicações:</p><p style=\"text-align: justify;\">A frenectomia é uma cirurgia que apresenta riscos reduzidos, no entanto podem ocorrer algumas complicações pós-operatórias, como por exemplo, dor, pequenas hemorragias ou sangramento excessivo (principalmente na frenectomia lingual), edema, inflamação ou infeção (ainda que raramente), entre outras de menor relevo.</p><p style=\"text-align: justify;\">Durante o ato cirúrgico, para além da possibilidade de sangramento excessivo, pode haver um risco de lesão de estruturas vizinhas, (principalmente nos casos de frenectomia lingual), se a técnica for executada de forma incorreta.&nbsp;</p><p style=\"text-align: justify;\">De qualquer forma, estes riscos e complicações são por norma reversíveis, não deixando sequelas dignas de registo.</p><p style=\"text-align: justify;\">Pós-operatório:</p><p class=\"Corpo\" style=\"text-align:justify;text-justify:inter-ideograph;\r\nline-height:150%\"><span lang=\"PT\" style=\"font-family:\" arial\",\"sans-serif\";=\"\" mso-bidi-font-family:\"arial=\"\" unicode=\"\" ms\"\"=\"\">De um modo geral, a recuperaçã</span><span lang=\"IT\" style=\"font-family:\" arial\",\"sans-serif\";mso-bidi-font-family:\"arial=\"\" unicode=\"\" ms\";=\"\" mso-ansi-language:it\"=\"\">o da cirurgia de frenotomia </span><span lang=\"FR\" style=\"font-family:\" arial\",\"sans-serif\";mso-bidi-font-family:\"arial=\"\" unicode=\"\" ms\";=\"\" mso-ansi-language:fr\"=\"\">é </span><span lang=\"PT\" style=\"font-family:\" arial\",\"sans-serif\";=\"\" mso-bidi-font-family:\"arial=\"\" unicode=\"\" ms\"\"=\"\">rápida, não necessitando o doente de\r\nefetuar repouso <span class=\"Nenhum\"><b>p</b></span></span><span class=\"Nenhum\"><b><span lang=\"ES-TRAD\" style=\"font-family:\" arial\",\"sans-serif\";mso-bidi-font-family:\"arial=\"\" unicode=\"\" ms\";=\"\" mso-ansi-language:es-trad\"=\"\">ó</span></b></span><span class=\"Nenhum\"><b><span lang=\"NL\" style=\"font-family:\" arial\",\"sans-serif\";mso-bidi-font-family:\"arial=\"\" unicode=\"\" ms\";=\"\" mso-ansi-language:nl\"=\"\">s operat</span></b></span><span class=\"Nenhum\"><b><span lang=\"ES-TRAD\" style=\"font-family:\" arial\",\"sans-serif\";mso-bidi-font-family:\"arial=\"\" unicode=\"\" ms\";=\"\" mso-ansi-language:es-trad\"=\"\">ó</span></b></span><span class=\"Nenhum\"><b><span style=\"font-family:\" arial\",\"sans-serif\";mso-bidi-font-family:\"arial=\"\" unicode=\"\" ms\";=\"\" mso-ansi-language:pt-br\"=\"\">rio</span></b></span><span lang=\"PT\" style=\"font-family:\r\n\" arial\",\"sans-serif\";mso-bidi-font-family:\"arial=\"\" unicode=\"\" ms\"\"=\"\">. Pode, portanto,\r\nretomar as suas atividades imediatamente ap</span><span lang=\"ES-TRAD\" style=\"font-family:\" arial\",\"sans-serif\";mso-bidi-font-family:\"arial=\"\" unicode=\"\" ms\";=\"\" mso-ansi-language:es-trad\"=\"\">ó</span><span lang=\"PT\" style=\"font-family:\" arial\",\"sans-serif\";=\"\" mso-bidi-font-family:\"arial=\"\" unicode=\"\" ms\"\"=\"\">s a cirurgia, desde que obedeça a\r\nalguns cuidados no p</span><span lang=\"ES-TRAD\" style=\"font-family:\" arial\",\"sans-serif\";=\"\" mso-bidi-font-family:\"arial=\"\" unicode=\"\" ms\";mso-ansi-language:es-trad\"=\"\">ó</span><span lang=\"NL\" style=\"font-family:\" arial\",\"sans-serif\";mso-bidi-font-family:\"arial=\"\" unicode=\"\" ms\";=\"\" mso-ansi-language:nl\"=\"\">s operat</span><span lang=\"ES-TRAD\" style=\"font-family:\r\n\" arial\",\"sans-serif\";mso-bidi-font-family:\"arial=\"\" unicode=\"\" ms\";mso-ansi-language:=\"\" es-trad\"=\"\">ó</span><span lang=\"PT\" style=\"font-family:\" arial\",\"sans-serif\";=\"\" mso-bidi-font-family:\"arial=\"\" unicode=\"\" ms\"\"=\"\">rio, por forma a reduzir o tempo de\r\nrecuperação, favorecendo assim a cicatrização, nomeadamente:</span></p><p class=\"Corpo\" style=\"text-align:justify;text-justify:inter-ideograph;\r\nline-height:150%\"><span lang=\"PT\" style=\"font-family:\" arial\",\"sans-serif\";=\"\" mso-bidi-font-family:\"arial=\"\" unicode=\"\" ms\"\"=\"\"></span></p><ul><li style=\"text-align: justify; line-height: 19.5px;\"><span lang=\"PT\">Evitar alimentos duros nos primeiros dias (preferir alimentos algo pastosos), principalmente nos casos de frenectomia lingual;</span></li><li style=\"text-align: justify; line-height: 19.5px;\"><span lang=\"PT\">Evitar alimentos muito quentes nos primeiros dois dias pelo menos, sendo que após a cirurgia é também benéfica a aplicação local de frio (bolsa de gelo por ex.), nos casos de frenectomia labial;</span></li><li style=\"text-align: justify; line-height: 19.5px;\"><span lang=\"PT\">Redobrar os cuidados de higiene oral, sendo que a zona da cirurgia deve ser escovada com pouca pressão e com escovas adequadas para o efeito (com cerdas muito suaves), complementado com bochechos de soluções antissépticas;</span></li><li style=\"text-align: justify; line-height: 19.5px;\"><span lang=\"PT\">Tomar devidamente a medicação prescrita pelo médico dentista (normalmente analgésicos e/ou anti-inflamatórios).</span></li></ul><p style=\"text-align: justify; line-height: 150%;\"><span lang=\"PT\" style=\"\"><font face=\"Arial, sans-serif\"><br></font><br></span><span class=\"Nenhum\"><span lang=\"PT\" style=\"font-family: Arial, sans-serif; background-image: initial; background-position: initial; background-size: initial; background-repeat: initial; background-attachment: initial; background-origin: initial; background-clip: initial;\"><o:p></o:p></span></span></p><p style=\"text-align: left;\"><br></p><p class=\"Corpo\" style=\"text-align:justify;text-justify:inter-ideograph;\r\nline-height:150%\"><span lang=\"PT\" style=\"font-family:\" arial\",\"sans-serif\";=\"\" mso-fareast-font-family:arial\"=\"\"><o:p></o:p></span></p>', '2017-11-22 17:37:00');

-- --------------------------------------------------------

--
-- Estrutura da tabela `clinica`
--

CREATE TABLE `clinica` (
  `id` int(11) NOT NULL,
  `titulo_introducao` text NOT NULL,
  `texto_introducao` text NOT NULL,
  `titulo_segunda_parte` text NOT NULL,
  `texto_segunda_parte` text NOT NULL,
  `titulo_collapse` text NOT NULL,
  `imagem` text NOT NULL
) ENGINE=InnoDB DEFAULT CHARSET=latin1;

--
-- Extraindo dados da tabela `clinica`
--

INSERT INTO `clinica` (`id`, `titulo_introducao`, `texto_introducao`, `titulo_segunda_parte`, `texto_segunda_parte`, `titulo_collapse`, `imagem`) VALUES
(1, ' Cupiditate? Tempus quidem, vestibulum! Est? At minus quia augue au', 'taciti impedit veniam consequuntur tempora cras torquent dolor. Soluta odio tortor placerat, sequi luctus quis impedit iure sollicitudin, iure eu proident a sem at blandit, mattis veritatis officiis dolore eveniet quo, quo, culpa occaecat rem, lacinia hac, iure laoreet cubilia? Luctus sapien iusto doloribus, viverra aliquip. Sunt cupiditate aenean maecenas vestibulum dolor, lobortis eleifend voluptatem quidem', 'tus! Anim repellat imp', 'bh porttitor ullam ex, gravida metus! Anim repellat impedit magna? Dis class nisl urna laborum enim, augue quae! Inventore expedita, dolores dictumst possimus ut nonummy venenatis veniam, facilisis. Soluta mollit? Iste, placerat fuga, ante est ', 'asd', '5188895eae21c6727f902485f7bedafe.jpg');

-- --------------------------------------------------------

--
-- Estrutura da tabela `convenios`
--

CREATE TABLE `convenios` (
  `id` int(11) NOT NULL,
  `titulo` varchar(255) DEFAULT NULL,
  `imagem` varchar(45) DEFAULT NULL,
  `data` datetime DEFAULT NULL
) ENGINE=InnoDB DEFAULT CHARSET=utf8;

--
-- Extraindo dados da tabela `convenios`
--

INSERT INTO `convenios` (`id`, `titulo`, `imagem`, `data`) VALUES
(1, 'Amagis saúde', '734eec165d8df5fefb74381fddb34b1f.jpg', '2017-11-17 17:40:51'),
(2, 'Amil', 'd1ae4bd898c7264a474cf99b252f1101.jpg', '2017-11-17 17:41:00'),
(3, 'Amma', '5969cb75ccbff8b1046a5dcd2750e81e.jpg', '2017-11-17 17:41:10'),
(4, 'Assefaz', '9711d539b331c507b233a158d9e2ea47.jpg', '2017-11-17 17:41:23'),
(5, 'Assist card', '7c2124c17aec55ada81910ff9a717dd4.jpg', '2017-11-17 17:41:34'),
(6, 'Bradesco saúde', '2220b1283e030597db8b1155fda76cd5.jpg', '2017-11-17 17:41:43'),
(7, 'Cabefe', 'fba6bc84d8b1bbe2818027b41350801e.jpg', '2017-11-17 17:41:55'),
(8, 'Caixa', '56191b2ffa0df310f1ae349d3e6df49e.jpg', '2017-11-17 17:42:08'),
(9, 'Camed', 'e72cfa32714837be304f47ed8edb451e.jpg', '2017-11-17 17:42:16'),
(10, 'Capesesp', 'cc31cddde4c98adb6c48811c0e9f6527.jpg', '2017-11-17 17:42:33'),
(11, 'Casec', 'd097ce3785bbd4fd45b50eae7e7a0dea.jpg', '2017-11-17 17:42:47'),
(12, 'Casembrapa', 'e8522f4687f45fba2c4e6893262dd51c.jpg', '2017-11-17 17:43:00'),
(13, 'Cassi', 'e89a5cdc0bf486f241af5b0e43bbb892.jpg', '2017-11-17 17:43:11'),
(14, 'Casu', '448f0c135eac872673bba753aea22c32.jpg', '2017-11-17 17:43:21'),
(15, 'Cemig', 'cdba76253f7688a29bd4793c6a4b4784.jpg', '2017-11-17 17:43:30'),
(16, 'Cis', 'a05e3fa0c57bbada27a4867912caee20.jpg', '2017-11-17 17:43:39'),
(17, 'Capass', '410ba776f6e27c3796a97c443978deb8.jpg', '2017-11-17 17:43:53'),
(18, 'Funasa', '97d694c2def67b17aca9e43578a47e49.jpg', '2017-11-17 17:44:06'),
(19, 'Fundaffemg', '9acabf585eec0e5847c2bc270e890c2b.jpg', '2017-11-17 17:47:54'),
(20, 'Fusex', 'eb8e388e7dcd539cfa71e0a77c8720a9.jpg', '2017-11-17 17:48:23'),
(21, 'Gama', 'a2299cb243f45b68b8759ad2c3ecbcd9.jpg', '2017-11-17 17:48:34'),
(22, 'Geap', '36e367d8dca906e776c01ce80fec2848.jpg', '2017-11-17 17:48:44'),
(23, 'INB', 'a3a70bff4a757d32caba5e44487751fe.jpg', '2017-11-17 17:48:56'),
(24, 'Itau', '05df7901c49230e5984973db875fb2fd.jpg', '2017-11-17 17:49:47'),
(25, 'Life', '30e0c1386d65ac01e848b5e94d54c2a1.jpg', '2017-11-17 17:50:56'),
(26, 'Mapfre', '5a94efad7fedc8387198596459e71e7f.jpg', '2017-11-17 17:51:26'),
(27, 'Mondial', 'a10588e3116a85a934165d07bce8b40c.jpg', '2017-11-17 17:52:13'),
(28, 'Petrobras', 'e2d6db97fdfa36e27fc48dae9fc9a082.jpg', '2017-11-17 17:52:28'),
(29, 'PMMG', '225351ca8ca9bee76a37e8ae12da071d.jpg', '2017-11-17 17:52:43'),
(30, 'Postal Saúde', '4cab0b334161eb303910007110d744cc.jpg', '2017-11-17 17:52:54'),
(31, 'Promed', 'a86220e1c32d06d06994aa679773c5be.jpg', '2017-11-17 17:53:29'),
(32, 'Prevminas', '841c83479ebb8d998b67f98072df89d3.jpg', '2017-11-17 17:56:02'),
(33, 'Proasa', 'cdc61ea73bdab8747f4f7938428bc1c7.jpg', '2017-11-17 17:56:26'),
(34, 'Samp', '13c302d2e71cbc35a124b3206939436c.jpg', '2017-11-17 17:56:44'),
(35, 'Santa casa familia', '6189255a96f085c8037faf1e5b4a2903.jpg', '2017-11-17 17:56:57'),
(36, 'Saúde sistema', '149a76a9ecccc137ccc0f986cece11dd.jpg', '2017-11-17 17:57:14'),
(37, 'Unafisco', 'aff089dd65ab95be38aad6b6d7e6f492.jpg', '2017-11-17 17:57:32'),
(38, 'Unimed', '1b5366a9e1bf45f06c4b5632d1e64705.jpg', '2017-11-17 17:57:54'),
(39, 'Vitallis', 'ae0466c832a9370171f56a206dc6d523.jpg', '2017-11-17 17:58:02'),
(40, 'Vivamed', 'f6b6846616553c8b507c77b83aaa6995.jpg', '2017-11-17 17:58:11');

-- --------------------------------------------------------

--
-- Estrutura da tabela `corpo_clinico`
--

CREATE TABLE `corpo_clinico` (
  `id` int(11) NOT NULL,
  `titulo` text NOT NULL,
  `imagem` text NOT NULL,
  `texto` text NOT NULL,
  `profissao` text NOT NULL
) ENGINE=InnoDB DEFAULT CHARSET=latin1;

--
-- Extraindo dados da tabela `corpo_clinico`
--

INSERT INTO `corpo_clinico` (`id`, `titulo`, `imagem`, `texto`, `profissao`) VALUES
(5, 'Dixie Armstrong', '9cf4621ad28a81473d4da2af577e0e72.jpg', '<p>m imperdiet, deleniti reprehenderit odio non, torquent, illo, rutrum, congue nostrum! Eligendi asperiores pariatur, dolorem!<br></p>', 'Cirurgião'),
(6, 'João Bertolucci', 'e96d76ca860a4a28ed0df54c48ae20ac.png', '<p>Quia praesent aenean? Tempor dolorem molestias, rutrum in distinctio enim perferendis convallis, nostrud voluptas, nisi cubilia gravida malesuada distinctio ullamcorper gravida varius fuga massa taciti, similique nesciunt leo, culpa exercitationem, nibh commodi mattis mi consectetuer aliquam, esse nam consequat! Sint<br></p>', 'Cardiologista'),
(7, 'Angela Tarantino', '80ca0cc192964145adbc709c302eceb4.png', '<p>nulla, aliquip accusamus! Veniam vehicula egestas. Sunt. Accusantium eius iaculis scelerisque atque laboriosam aliqua morbi, consequuntur pellentesque pulvinar fuga, nascetur convallis. Voluptatibus blandit aliquip vitae?<br></p>', 'Cirurgiã'),
(8, 'Júlia Guerra', 'be50e88c91329c95ff89a30d3e67b965.png', '<p>Eiusmod, ultricies, duis ullamcorper dolor dictumst! Vulputate optio cupidatat aptent! Reiciendis rerum in risus? Placerat porro nostrud nostrud? Rem nostra felis eligendi! Ducimus saepe, dolorem laboriosam provident assumenda, nisl recusandae?<br></p>', 'Cardiologistas'),
(9, 'João Cardoso', '562891bc26a766a87237fc42a42fedda.png', '<p>iaculis explicabo rutrum ipsum, tempor, accusantium natus eleifend diamlorem sodales pede architecto mus varius, nullam libero primis exercitationem porttitor, fringilla cum veniam?</p><div><br></div>', 'Atendente'),
(10, 'Zeca Oliveira', 'd0f8460e2ba7e59090831fcda9b6e6b5.png', '<p>Voluptas! Amet cubilia blandit elementum maiores nisi tenetur enim venenatis, Voluptas! Amet cubilia blandit elementum maiores nisi tenetur enim venenatis, Voluptas! Amet cubilia blandit elementum maiores nisi tenetur enim venenatis<br></p>', 'Cirurgião'),
(11, 'josé Rodrigues', '62df285de29181f14108fc528ec36a4f.png', '<p>e, ea netus massa culpa tempore ullamco tempus nisi provident consectetuer, animi doloribus? Quod nesciunt sapiente sociosqu vestibulum porttitor soluta veniam! Consequatur metus deserunt fringilla. Pariatur gravida assumenda fugiat consequat accusamus. Consectetuer sit maiores arcu, omnis rhoncus, exer<br></p>', 'Cirurgião');

-- --------------------------------------------------------

--
-- Estrutura da tabela `especialidades`
--

CREATE TABLE `especialidades` (
  `id` int(11) NOT NULL,
  `titulo` text NOT NULL,
  `texto` text NOT NULL,
  `detalhes` text NOT NULL,
  `imagem` text NOT NULL
) ENGINE=InnoDB DEFAULT CHARSET=latin1;

--
-- Extraindo dados da tabela `especialidades`
--

INSERT INTO `especialidades` (`id`, `titulo`, `texto`, `detalhes`, `imagem`) VALUES
(2, 'Cirurgia Cardíaca', ' Porttitor, in veniam, magnam facilisi? Minima voluptatum ', '<p></p><p>&lt;p&gt;Massa exercitationem laoreet nisi aspernatur sociosqu iusto turpis eum dui augue montes imperdiet repudiandae dis tristique nihil sociosqu. Error. Porttitor, in veniam, magnam facilisi? Minima voluptatum ligula duis scelerisque vestibulum, et natus, nostrud, eu, commodi officiis felis malesuada arcu cras! Minus feugiat, minus sociosqu, interdum ligula, curabitur wisi, excepturi parturient libero diam lacus magna, eius consequuntur, ea dictumst convallis laudantium. Magnam lacus, primis sem autem placerat consequatur mauris pellentesque! Ullamcorper consectetuer habitant, ullam eos commodo faucibus mauris dolores maiores quam maxime pharetra ratione libero, accumsan, consequuntur eveniet assumenda dolores penatibus. Vulputate repellat incidunt doloribus quia litora beatae, convallis nostrum magna.&lt;/p&gt;<br></p>', '91d95b6857fa490e611331ce22212adb.jpg');

-- --------------------------------------------------------

--
-- Estrutura da tabela `itens_clinica`
--

CREATE TABLE `itens_clinica` (
  `id` int(11) NOT NULL,
  `titulo` text NOT NULL,
  `descricao` text NOT NULL
) ENGINE=InnoDB DEFAULT CHARSET=latin1;

--
-- Extraindo dados da tabela `itens_clinica`
--

INSERT INTO `itens_clinica` (`id`, `titulo`, `descricao`) VALUES
(10, 'asad', 'asdas');

-- --------------------------------------------------------

--
-- Estrutura da tabela `newsletter`
--

CREATE TABLE `newsletter` (
  `id` int(11) NOT NULL,
  `email` varchar(255) DEFAULT NULL
) ENGINE=InnoDB DEFAULT CHARSET=utf8;

--
-- Extraindo dados da tabela `newsletter`
--

INSERT INTO `newsletter` (`id`, `email`) VALUES
(1, 'marcosvsoaress@gmail.com'),
(2, 'teste@celular.com');

-- --------------------------------------------------------

--
-- Estrutura da tabela `noticias`
--

CREATE TABLE `noticias` (
  `id` int(11) NOT NULL,
  `titulo` varchar(255) DEFAULT NULL,
  `nome_url` varchar(255) DEFAULT NULL,
  `imagem` varchar(45) DEFAULT NULL,
  `texto` mediumtext,
  `data` datetime DEFAULT NULL,
  `texto_breve` varchar(500) DEFAULT NULL,
  `autor` varchar(255) DEFAULT NULL
) ENGINE=InnoDB DEFAULT CHARSET=utf8;

--
-- Extraindo dados da tabela `noticias`
--

INSERT INTO `noticias` (`id`, `titulo`, `nome_url`, `imagem`, `texto`, `data`, `texto_breve`, `autor`) VALUES
(2, 'Como escolher o seu cirurgião  da face,  aspectos essenciais', 'como-escolher-o-seu-cirurgiao-da-face-aspectos-essenciais', 'ca98082264c8e326af52fe017430aca2.jpg', '<p class=\"Corpo\" style=\"text-align:justify;text-justify:inter-ideograph;\r\nline-height:150%\"><span style=\"font-size: 14px;\">A face humana é extremamente complexa devido às estruturas anatômicas nobres que a compõem. Além da identidade humana, externa os nossos sentimentos e serve de interface para interação com o mundo exterior. </span></p><p class=\"Corpo\" style=\"text-align:justify;text-justify:inter-ideograph;\r\nline-height:150%\"><span style=\"font-size: 14px;\">Ao escolher seu cirurgião da face é necessário que você conheça sua formação, quais especializações possui, se participa de cursos de atualização e se tem experiência naquela cirurgia que vc deseja realizar.</span></p><p class=\"Corpo\" style=\"text-align:justify;text-justify:inter-ideograph;\r\nline-height:150%\"><span style=\"font-size: 14px;\">A medicina encontra-se extremamente especializada, sendo que, existem profissionais que se dedicam à areas específicas do corpo humano. Isto permite um melhor entendimento das indicações, técnicas cirúrgicas e melhor controle dos resultados.</span></p><p class=\"Corpo\" style=\"text-align:justify;text-justify:inter-ideograph;\r\nline-height:150%\"><span style=\"font-size: 14px;\">Pensando nisto, fiz toda a minha formação voltada para a face e estudo da harmonia facial. Cirurgia é coisa muito séria!</span></p><p class=\"Corpo\" style=\"text-align:justify;text-justify:inter-ideograph;\r\nline-height:150%\"><span style=\"font-size: 14px;\">Consulte seu cirurgião da face e confie sua face à um especialista!</span></p>', '2017-10-11 15:15:52', 'A face humana é extremamente complexa devido às estruturas anatômicas nobres que a compõem. Além da identidade humana, externa os nossos sentimentos e serve de interface para interação com o mundo exterior. ', 'Dr. Bruno'),
(3, 'Enfrentando o medo antes da Rinoplastia', 'enfrentando-o-medo-antes-da-rinoplastia', '44901acb84d6f517a867e081747aa71f.jpg', '<p open=\"\" sans\",=\"\" arial,=\"\" sans-serif;=\"\" font-size:=\"\" 14px;\"=\"\" style=\"margin-bottom: 15px; padding: 0px; text-align: justify;\">A rinoplastia ou cirurgia plástica do nariz é um procedimento que pode ser realizado por diversas técnicas. Ela pode ser realizada com anestesia local e sedação ou anestesia geral. Além disso, a cirurgia pode ser feita com técnica aberta, semi-aberta ou fechada, cada uma com suas indicações, vantagens e desvantagens. </p><p open=\"\" sans\",=\"\" arial,=\"\" sans-serif;=\"\" font-size:=\"\" 14px;\"=\"\" style=\"margin-bottom: 15px; padding: 0px; text-align: justify;\">Normalmente este procedimento dura entre 2 e 4 horas, dependendo de cada caso. Os curativos são removidos em 7 dias e normalmente, os resultados definitivos são observados entre 6 meses a 01 ano. A rinoplastia geralmente não apresenta um pós-operatório doloroso, apenas o inconveniente de ficar um pouco obstruído nas primeiras semanas devido a formação de crostas nasais temporárias.</p><p open=\"\" sans\",=\"\" arial,=\"\" sans-serif;=\"\" font-size:=\"\" 14px;\"=\"\" style=\"margin-bottom: 15px; padding: 0px; text-align: justify;\">O planejamento é fundamental e, além da estética, lembre-se: VOCÊ TEM QUE RESPIRAR!!! Por isso operar seu nariz com um médico que conheça bem sobre o nariz é fundamental!</p><p open=\"\" sans\",=\"\" arial,=\"\" sans-serif;=\"\" font-size:=\"\" 14px;\"=\"\" style=\"margin-bottom: 15px; padding: 0px; text-align: justify;\">Consulte seu cirurgião facial e discuta sobre o melhor plano de tratamento para você. Só assim você estará preparado e confiante para sua rinoplastia!</p>', '2017-10-11 16:24:00', 'A rinoplastia ou cirurgia plástica do nariz é um procedimento que pode ser realizado por diversas técnicas. Ela pode ser realizada com anestesia local e sedação ou anestesia geral. Além disso, a cirurgia pode ser feita com técnica aberta, semi-aberta ou fechada, cada uma com suas indicações, vantagens e desvantagens. ', 'Dr. Bruno'),
(4, 'O que devo saber sobre Otoplastia', 'o-que-devo-saber-sobre-otoplastia', '9f75a81eac2355971de42c95b9ee0410.jpg', '<p style=\"margin-bottom: 15px; padding: 0px; text-align: justify; font-family: \" open=\"\" sans\",=\"\" arial,=\"\" sans-serif;=\"\" font-size:=\"\" 14px;\"=\"\">A otoplastia é uma cirurgia estética para correção do tamanho e formato das orelhas. O problema a ser corrigido é a famosa “orelha de abano”, que muitas crianças têm e que pode causar problemas de convívio social, pois acaba se tornando motivo de bullying e de dificuldades no relacionamento durante a infância e adolescência. A otoplastia é a cirurgia estética mais realizada em crianças e adolescentes.</p><p style=\"margin-bottom: 15px; padding: 0px; text-align: justify; font-family: \" open=\"\" sans\",=\"\" arial,=\"\" sans-serif;=\"\" font-size:=\"\" 14px;\"=\"\">Estima-se que cerca de 5% das crianças nascem com o problema, que é uma alteração congênita.</p><p style=\"margin-bottom: 15px; padding: 0px; text-align: justify; font-family: \" open=\"\" sans\",=\"\" arial,=\"\" sans-serif;=\"\" font-size:=\"\" 14px;\"=\"\">A idade mínima recomendada para o procedimento é 6 anos, quando a orelha já atingiu o crescimento mais significativo. Mas é recomendado que a cirurgia não seja imposta para a criança e, sim, que seja um desejo dela, apoiado pelos pais. Por este motivo, muitas vezes ela não acontece durante a infância, mas depois, quando chega a adolescência e os problemas sociais se tornam mais aparentes e começam a incomodar mais.</p><p style=\"margin-bottom: 15px; padding: 0px; text-align: justify; font-family: \" open=\"\" sans\",=\"\" arial,=\"\" sans-serif;=\"\" font-size:=\"\" 14px;\"=\"\">O mais importante na decisão, além de ter que partir do próprio paciente, é que exista uma conversa franca entre o médico de confiança – otorrinolaringologista ou cirurgião plástico da face, paciente e família. Harmonizadas as expectativas e reais possibilidades de resultados, é hora de saber todos os detalhes sobre a cirurgia:</p><ul><li style=\"margin-bottom: 15px; padding: 0px; text-align: justify;\">O adolescente deve ser informado sobre a técnica utilizada; local da cicatriz cirúrgica; tipo de anestesia; tempo para retirada dos pontos; tempo de internação e recuperação pós-cirúrgica.</li><li style=\"margin-bottom: 15px; padding: 0px; text-align: justify;\">Os riscos anestésicos são pequenos. A cirurgia pode ser feita com anestesia local. Mas, no caso dos adolescentes, é indicada a anestesia geral.</li><li style=\"margin-bottom: 15px; padding: 0px; text-align: justify;\">A cirurgia deve ser realizada em hospitais ou clínicas especializadas, e é possível receber alta no mesmo dia.</li><li style=\"margin-bottom: 15px; padding: 0px; text-align: justify;\">Após a cirurgia, o paciente permanece com um curativo “capacete” por um período de 24 horas, com o objetivo de proteger a região, diminuir os incômodos do pós-operatório e, ainda, prevenir a formação de hematomas e diminuir o inchaço.</li><li style=\"margin-bottom: 15px; padding: 0px; text-align: justify;\">Após retirar o curativo, é recomendado que se utilize uma bandana ou faixa para dormir, com o objetivo de manter as orelhas na posição até a completa cicatrização durante 6 semanas.</li><li style=\"margin-bottom: 15px; padding: 0px; text-align: justify;\">Outra dica para a redução do inchaço é dormir com a cabeceira da cama elevada, pois a cabeça na posição mais alta permite maior drenagem venosa.</li><li style=\"margin-bottom: 15px; padding: 0px; text-align: justify;\">É bom que se evite dormir de lado, sobre as orelhas, nos primeiros dias após a cirurgia.</li><li style=\"margin-bottom: 15px; padding: 0px; text-align: justify;\">Deve-se evitar, também, a exposição solar por dois meses após a cirurgia. O sol do dia a dia não tem implicações, mas é preciso evitar a exposição solar que pode bronzear.</li><li style=\"margin-bottom: 15px; padding: 0px; text-align: justify;\">Para a sutura da pele, são utilizados fios absorvíveis e, por isso, não há necessidade de serem retirados. Há equipes que preferem utilizar fios que não são absorvíveis e, nesses casos, os pontos são retirados em 7 a 10 dias.</li><li style=\"margin-bottom: 15px; padding: 0px; text-align: justify;\">As principais complicações que podem acontecer são: sangramento e hematoma, já que a orelha possui uma grande vascularização.</li><li style=\"margin-bottom: 15px; padding: 0px; text-align: justify;\">O retorno às atividades escolares dever ser em 5 a 7 dias.</li><li style=\"margin-bottom: 15px; padding: 0px; text-align: justify;\">A prática de exercícios físicos deve ser evitada por 3 semanas. Para esportes em que o contato físico é maior, como esportes coletivos, lutas etc., o tempo de afastamento é de dois meses.</li><li style=\"margin-bottom: 15px; padding: 0px; text-align: justify;\">O resultado da cirurgia quanto à posição da orelha é observado no pós-operatório imediato. No entanto, a redução completa do inchaço ocorre por volta do 3º a 4º mês após a cirurgia.</li></ul>', '2017-10-11 16:25:18', 'A otoplastia é uma cirurgia estética para correção do tamanho e formato das orelhas. O problema a ser corrigido é a famosa “orelha de abano”, que muitas crianças têm e que pode causar problemas de convívio social, pois acaba se tornando motivo de bullying e de dificuldades no relacionamento durante a infância e adolescência. A otoplastia é a cirurgia estética mais realizada em crianças e adolescentes.', 'Dr. Bruno'),
(5, 'cirurgia das pálpebras', 'cirurgia-das-palpebras', '9147157e4dd56497b44129235158950d.jpg', '<p style=\"margin-bottom: 15px; padding: 0px; text-align: justify; font-family: \" open=\"\" sans\",=\"\" arial,=\"\" sans-serif;=\"\" font-size:=\"\" 14px;\"=\"\">A cirurgia das pálpebras ou blefaroplastia se dedica à correção do excesso de pele ou gordura das pálpebras, geralmente após os 40 anos de idade. Ela visa devolver ao paciente uma região periocular menos cansada. Geralmente, o procedimento pode ser realizado sobre anestesia local e sedação e em casos específicos sob anestesia geral.</p><p style=\"margin-bottom: 15px; padding: 0px; text-align: justify; font-family: \" open=\"\" sans\",=\"\" arial,=\"\" sans-serif;=\"\" font-size:=\"\" 14px;\"=\"\">A cirurgia pode durar entre 2 a 3 horas normalmente, dependendo da região operada e a internação hospitalar dura de 6 a 12 horas.</p><p style=\"margin-bottom: 15px; padding: 0px; text-align: justify; font-family: \" open=\"\" sans\",=\"\" arial,=\"\" sans-serif;=\"\" font-size:=\"\" 14px;\"=\"\">Normalmente este procedimento não provoca uma dor pós-operatória importante e se, presente, pode ser controlada com analgésicos comuns. Os olhos geralmente ficam inchados por cerca de 7 dias até duas semanas. Durante esse período, compressas frias podem diminuir o edema e o uso de óculos escuros ajuda na proteção dos olhos.</p><p style=\"margin-bottom: 15px; padding: 0px; text-align: justify; font-family: \" open=\"\" sans\",=\"\" arial,=\"\" sans-serif;=\"\" font-size:=\"\" 14px;\"=\"\">O resultado definitivo vai aparecer após a terceira semana, geralmente no máximo em até 3 meses. Sempre confie seu rosto a um cirurgião da face!</p>', '2017-10-11 16:26:07', 'A cirurgia das pálpebras ou blefaroplastia se dedica à correção do excesso de pele ou gordura das pálpebras, geralmente após os 40 anos de idade. Ela visa devolver ao paciente uma região periocular menos cansada. Geralmente, o procedimento pode ser realizado sobre anestesia local e sedação e em casos específicos sob anestesia geral.', 'Dr. Bruno'),
(6, 'Cuidados com a Rinoplastia em Nariz Negróide', 'cuidados-com-a-rinoplastia-em-nariz-negroide', '537fa0c5b952286ad92e2811468ae92a.jpg', '<p style=\"margin-bottom: 15px; padding: 0px; text-align: justify; font-family: \" open=\"\" sans\",=\"\" arial,=\"\" sans-serif;=\"\" font-size:=\"\" 14px;\"=\"\">A pele negra apresenta características e cuidados especiais. O nariz negróide apresenta caraterísticas únicas como por exemplo a pele mais grossa, cartilagens alares mais largas e delicadas e um septo nasal mais curto. </p><p style=\"margin-bottom: 15px; padding: 0px; text-align: justify; font-family: \" open=\"\" sans\",=\"\" arial,=\"\" sans-serif;=\"\" font-size:=\"\" 14px;\"=\"\">Ao planejarmos uma rinoplastia nestes casos, todas essas informações devem ser levadas em consideração. Por exemplo, para uma ponta nasal mais definida, geralmente técnicas com enxerto nesta região devem ser usadas para melhorar a aparência desta região, pois a pele grossa esconde estes resultados. Estes narizes devem ser tratados com enxertos estruturadores para uma boa sustentação.</p><p style=\"margin-bottom: 15px; padding: 0px; text-align: justify; font-family: \" open=\"\" sans\",=\"\" arial,=\"\" sans-serif;=\"\" font-size:=\"\" 14px;\"=\"\">Planejar estes casos com parcimônia, conhecer as características raciais, individuais e os anseios do paciente podem proporcionar um nariz natural e com sua função preservada. </p><p style=\"margin-bottom: 15px; padding: 0px; text-align: justify; font-family: \" open=\"\" sans\",=\"\" arial,=\"\" sans-serif;=\"\" font-size:=\"\" 14px;\"=\"\">Confie sua face a um cirurgião facial!</p>', '2017-10-11 16:26:37', 'A pele negra apresenta características e cuidados especiais. O nariz negróide apresenta caraterísticas únicas como por exemplo a pele mais grossa, cartilagens alares mais largas e delicadas e um septo nasal mais curto. ', 'Dr. Bruno'),
(7, 'Cuidados com a pele do rosto', 'cuidados-com-a-pele-do-rosto', '19e20905d264befb6a7d7cbb958a9e43.jpg', '<p style=\"margin-bottom: 15px; padding: 0px; text-align: justify; font-family: \" open=\"\" sans\",=\"\" arial,=\"\" sans-serif;=\"\" font-size:=\"\" 14px;\"=\"\">Para garantir uma pele jovem e bonita, é preciso tomar alguns cuidados no dia a dia. Mantenha uma alimentação rica em vitaminas e minerais, beba bastante água e evite o cigarro. Além disso, siga uma rotina de limpeza e hidratação.</p><p style=\"margin-bottom: 15px; padding: 0px; text-align: justify; font-family: \" open=\"\" sans\",=\"\" arial,=\"\" sans-serif;=\"\" font-size:=\"\" 14px;\"=\"\"><b>Rotina de cuidados com a pele:</b></p><p style=\"margin-bottom: 15px; padding: 0px; text-align: justify; font-family: \" open=\"\" sans\",=\"\" arial,=\"\" sans-serif;=\"\" font-size:=\"\" 14px;\"=\"\"><b>Lave o rosto</b><br></p><p style=\"margin-bottom: 15px; padding: 0px; text-align: justify; font-family: \" open=\"\" sans\",=\"\" arial,=\"\" sans-serif;=\"\" font-size:=\"\" 14px;\"=\"\">Manter o rosto sempre livre de impurezas é fundamental para ter uma pele saudável.</p><p style=\"margin-bottom: 15px; padding: 0px; text-align: justify; font-family: \" open=\"\" sans\",=\"\" arial,=\"\" sans-serif;=\"\" font-size:=\"\" 14px;\"=\"\">Lavar o rosto duas vezes por dia é fundamental para manter a saúde da pele e evitar o entupimento dos poros, principal responsável pelo surgimento de cravos e espinhas. A primeira lavagem deve ser feita de manhã, eliminando a oleosidade natural produzida durante o sono, e a segunda no fim do dia, retirando poluição, impurezas e a maquiagem. Utilize sabonete neutro ou específico para o seu tipo de pele. Lavar o rosto mais do que duas vezes por dia não é recomendado, pois estimula a produção de oleosidade, assim como usar água muito quente.</p><p style=\"margin-bottom: 15px; padding: 0px; text-align: justify; font-family: \" open=\"\" sans\",=\"\" arial,=\"\" sans-serif;=\"\" font-size:=\"\" 14px;\"=\"\"><b>Retire a maquiagem</b></p><p style=\"margin-bottom: 15px; padding: 0px; text-align: justify; font-family: \" open=\"\" sans\",=\"\" arial,=\"\" sans-serif;=\"\" font-size:=\"\" 14px;\"=\"\">A maquiagem obstrui os poros e impede a pele de respirar, atrapalhando essa etapa e promovendo o envelhecimento precoce da pele. Para deixar o rosto bem limpo, use um demaquilante adequado para o seu tipo de pele e finalize com um sabonete.<br></p><p style=\"margin-bottom: 15px; padding: 0px; text-align: justify; font-family: \" open=\"\" sans\",=\"\" arial,=\"\" sans-serif;=\"\" font-size:=\"\" 14px;\"=\"\"><b>Hidrate</b></p><p style=\"margin-bottom: 15px; padding: 0px; text-align: justify; font-family: \" open=\"\" sans\",=\"\" arial,=\"\" sans-serif;=\"\" font-size:=\"\" 14px;\"=\"\">Tanto a pele seca quanto a pele oleosa precisam de hidratação para equilibrar a proteção de sebo. Pessoas com pele oleosa devem preferir produtos oil-free ou em gel, enquanto quem tem a pele seca pode apostar em produtos mais hidratantes.<br></p><p style=\"margin-bottom: 15px; padding: 0px; text-align: justify; font-family: \" open=\"\" sans\",=\"\" arial,=\"\" sans-serif;=\"\" font-size:=\"\" 14px;\"=\"\"><b>Protenção</b></p><p style=\"margin-bottom: 15px; padding: 0px; text-align: justify; font-family: \" open=\"\" sans\",=\"\" arial,=\"\" sans-serif;=\"\" font-size:=\"\" 14px;\"=\"\">O sol é um dos principais responsáveis pelo envelhecimento precoce da pele, além de causar doenças sérias, como o câncer de pele. Por isso, proteger-se dele diariamente é fundamental para manter a pele sempre jovem e bonita. Aplique pela manhã, depois do hidratante, e reaplique durante a tarde para garantir a eficácia do produto.</p><p style=\"margin-bottom: 15px; padding: 0px; text-align: justify; font-family: \" open=\"\" sans\",=\"\" arial,=\"\" sans-serif;=\"\" font-size:=\"\" 14px;\"=\"\">Consulte seu dermatologista e sempre mantenha a saúde da sua pele em dia!</p>', '2017-10-11 16:27:04', 'Para garantir uma pele jovem e bonita, é preciso tomar alguns cuidados no dia a dia. Mantenha uma alimentação rica em vitaminas e minerais, beba bastante água e evite o cigarro. Além disso, siga uma rotina de limpeza e hidratação.', 'Dr. Bruno');

-- --------------------------------------------------------

--
-- Estrutura da tabela `procedimentos_esteticos`
--

CREATE TABLE `procedimentos_esteticos` (
  `id` int(11) NOT NULL,
  `titulo` varchar(255) DEFAULT NULL,
  `nome_url` varchar(255) DEFAULT NULL,
  `imagem` varchar(45) DEFAULT NULL,
  `texto` mediumtext,
  `data` datetime DEFAULT NULL
) ENGINE=InnoDB DEFAULT CHARSET=utf8;

--
-- Extraindo dados da tabela `procedimentos_esteticos`
--

INSERT INTO `procedimentos_esteticos` (`id`, `titulo`, `nome_url`, `imagem`, `texto`, `data`) VALUES
(1, 'Toxina Botulínica (Botox ou Dysport)', 'toxina-botulinica-botox-ou-dysport', 'f43b6c5533fea4114701f3360126e414.jpg', '<p open=\"\" sans\",=\"\" arial,=\"\" sans-serif;=\"\" font-size:=\"\" 14px;\"=\"\" style=\"margin-bottom: 15px; padding: 0px; text-align: justify;\"><font color=\"#1b1b1b\" face=\"Raleway, sans-serif\"><span style=\"font-size: 14px;\">A toxina botulínica, é uma toxina produzida por uma bactéria chamada Clostridium Botulinium. A substância é usada para correção de rugas e marcas de expressão. A toxina age paralisando o músculo e consequentemente impedindo a contração muscular, que é o que forma a ruga. Para as rugas que já existem, esse relaxamento da musculatura suaviza os vincos. A aplicação é indicada para as rugas da testa, a glabela (espaço entre as sobrancelhas), os “pés de galinha” e rugas ao redor dos olhos e outros locais da face.</span></font></p><p open=\"\" sans\",=\"\" arial,=\"\" sans-serif;=\"\" font-size:=\"\" 14px;\"=\"\" style=\"margin-bottom: 15px; padding: 0px; text-align: justify;\"><font color=\"#1b1b1b\" face=\"Raleway, sans-serif\"><span style=\"font-size: 14px;\"><b>Como age a toxina botulínica?</b></span><br></font></p><p open=\"\" sans\",=\"\" arial,=\"\" sans-serif;=\"\" font-size:=\"\" 14px;\"=\"\" style=\"margin-bottom: 15px; padding: 0px; text-align: justify;\"><font color=\"#1b1b1b\" face=\"Raleway, sans-serif\">Quando injetada nas rugas, a toxina botulínica age bloqueando a transmissão de estímulos dos neurônios para os músculos, impedindo a contração muscular. Em geral as rugas aparecem devido ao envelhecimento facial, que ocorre por idade avançada, exposição solar sem proteção, má alimentação e tabagismo. Muitas pessoas também têm o hábito de franzir a testa ao se expressar, o que contribui para a formação das linhas de expressão.<br></font></p><p open=\"\" sans\",=\"\" arial,=\"\" sans-serif;=\"\" font-size:=\"\" 14px;\"=\"\" style=\"margin-bottom: 15px; padding: 0px; text-align: justify;\"><font color=\"#1b1b1b\" face=\"Raleway, sans-serif\"><b>Como atua?</b><br></font></p><p open=\"\" sans\",=\"\" arial,=\"\" sans-serif;=\"\" font-size:=\"\" 14px;\"=\"\" style=\"margin-bottom: 15px; padding: 0px; text-align: justify;\"><font color=\"#1b1b1b\" face=\"Raleway, sans-serif\">A toxina botulínica pode atuar de duas maneiras:</font></p><p open=\"\" sans\",=\"\" arial,=\"\" sans-serif;=\"\" font-size:=\"\" 14px;\"=\"\" style=\"margin-bottom: 15px; padding: 0px; text-align: justify;\"><b>De forma preventiva</b><font color=\"#1b1b1b\" face=\"Raleway, sans-serif\"><b>:</b> É a aplicação do produto antes mesmo do aparecimento de linhas de expressão. Como a contração muscular é paralisada, não haverá a formação de rugas por movimentação muscular na área que foi aplicado a toxina. Geralmente a aplicação preventiva é feita por volta dos 25 anos de idade, mas não existe uma idade certa.</font></p><p open=\"\" sans\",=\"\" arial,=\"\" sans-serif;=\"\" font-size:=\"\" 14px;\"=\"\" style=\"margin-bottom: 15px; padding: 0px; text-align: justify;\"><font color=\"#1b1b1b\" face=\"Raleway, sans-serif\"><b>De forma corretiva:</b> Esse tipo de aplicação geralmente é realizada em torno dos 30 anos. Como a toxina tira a tensão da musculatura, as rugas causadas por esses músculos são amenizadas.<br></font></p><p open=\"\" sans\",=\"\" arial,=\"\" sans-serif;=\"\" font-size:=\"\" 14px;\"=\"\" style=\"margin-bottom: 15px; padding: 0px; text-align: justify;\"><font color=\"#1b1b1b\" face=\"Raleway, sans-serif\"><b>Como é feita a aplicação?</b><br></font></p><p open=\"\" sans\",=\"\" arial,=\"\" sans-serif;=\"\" font-size:=\"\" 14px;\"=\"\" style=\"margin-bottom: 15px; padding: 0px; text-align: justify;\"><font color=\"#1b1b1b\" face=\"Raleway, sans-serif\">A injeção é aplicada no tecido subcutâneo por agulhas bem finas e em pequenas quantidades, e provocam uma pausa nos impulsos nervosos. Porém, o efeito não é imediato, e as primeiras alterações começam a aparecer somente depois de três a sete dias.</font></p><p open=\"\" sans\",=\"\" arial,=\"\" sans-serif;=\"\" font-size:=\"\" 14px;\"=\"\" style=\"margin-bottom: 15px; padding: 0px; text-align: justify;\"><font color=\"#1b1b1b\" face=\"Raleway, sans-serif\"><b>Quanto tempo dura o seu efeito?</b></font></p><p open=\"\" sans\",=\"\" arial,=\"\" sans-serif;=\"\" font-size:=\"\" 14px;\"=\"\" style=\"margin-bottom: 15px; padding: 0px; text-align: justify;\">Os efeitos duram, em média, de 4 a 6 meses. O período entre as sessões varia de paciente para paciente, e para que o resultado seja efetivo, é preciso fazer sempre uma manutenção.</p><p open=\"\" sans\",=\"\" arial,=\"\" sans-serif;=\"\" font-size:=\"\" 14px;\"=\"\" style=\"margin-bottom: 15px; padding: 0px; text-align: justify;\"><b>Quais os cuidados após a aplicação?</b><br></p><p open=\"\" sans\",=\"\" arial,=\"\" sans-serif;=\"\" font-size:=\"\" 14px;\"=\"\" style=\"margin-bottom: 15px; padding: 0px; text-align: justify;\">Após a aplicação, a pele pode ficar um pouco sensível e inchada. Para evitar complicações, deve-se evitar a exposição direta ao sol, e usar filtro solar. É recomendado evitar a prática de atividades físicas no mesmo dia das aplicações. É importante não massagear a área, pois o efeito da aplicação pode ser reduzido.<br></p>', '2017-10-19 22:59:34');

-- --------------------------------------------------------

--
-- Estrutura da tabela `secao1`
--

CREATE TABLE `secao1` (
  `id` int(11) NOT NULL,
  `texto` text NOT NULL,
  `imagem` text NOT NULL,
  `link` text NOT NULL
) ENGINE=InnoDB DEFAULT CHARSET=latin1;

--
-- Extraindo dados da tabela `secao1`
--

INSERT INTO `secao1` (`id`, `texto`, `imagem`, `link`) VALUES
(1, '<h4 style=\"color: rgb(0, 0, 0);\">molestiae imperdiet laudantium semper tristique diam! Illum ab? Eveniet. Facilisis, feugiat pede eu commodi tristique eiusmod placerat accusantium interdum soluta ac natoque. Phasellus accusantium dignissimos hac</h4>', '9cd81ac80be166c97d879264aafbb670.png', 'http://10.0.0.115/cecor/clinica');

-- --------------------------------------------------------

--
-- Estrutura da tabela `secao2`
--

CREATE TABLE `secao2` (
  `id` int(11) NOT NULL,
  `imagem` text NOT NULL,
  `texto` text NOT NULL,
  `titulo` text NOT NULL
) ENGINE=InnoDB DEFAULT CHARSET=latin1;

--
-- Extraindo dados da tabela `secao2`
--

INSERT INTO `secao2` (`id`, `imagem`, `texto`, `titulo`) VALUES
(3, '74d4aa190497e3b07c362bfaeeb53029.jpg', '<h4 style=\"color: rgb(0, 0, 0);\">Dr. Ricardo Kalliery</h4><h5 style=\"color: rgb(0, 0, 0);\">Cardiologista</h5><p>Saturn and its innermost ring on encounters before it will .</p>', 'teste1'),
(4, '294463a2113b0f71a8d82a5cfe051008.jpg', '<h4 style=\"color: rgb(0, 0, 0);\">Dr. Ricardo Kalliery</h4><h5 style=\"color: rgb(0, 0, 0);\">Cardiologista</h5><p>Saturn and its innermost ring on encounters before it will .</p>', 'teste2'),
(5, '1c916641f3f1d8bdf193062ffdf91ece.jpg', '<h4 style=\"color: rgb(0, 0, 0);\">Dr. Ricardo Kalliery</h4><h5 style=\"color: rgb(0, 0, 0);\">Cardiologista</h5><p>Saturn and its innermost ring on encounters before it will .</p>', 'teste');

-- --------------------------------------------------------

--
-- Estrutura da tabela `secao3`
--

CREATE TABLE `secao3` (
  `id` int(11) NOT NULL,
  `titulo` varchar(200) NOT NULL,
  `imagem` text NOT NULL
) ENGINE=InnoDB DEFAULT CHARSET=latin1;

--
-- Extraindo dados da tabela `secao3`
--

INSERT INTO `secao3` (`id`, `titulo`, `imagem`) VALUES
(2, 'Cemig', '563ff56fa0c7e954c062e1b3ec7481e4.png'),
(3, 'Caixa', '075c11e9843243c7e5176fe5da4401ab.png'),
(4, 'Copasa', '7950999cda95d1886dc5ad71edecdb87.png'),
(5, 'Amil', 'c523e2c759936a36a0d8f89e1e8c1685.png');

-- --------------------------------------------------------

--
-- Estrutura da tabela `usuarios`
--

CREATE TABLE `usuarios` (
  `id` int(11) NOT NULL,
  `nome` varchar(255) NOT NULL,
  `cpf` varchar(15) NOT NULL,
  `senha` varchar(32) DEFAULT NULL,
  `email` varchar(255) DEFAULT NULL,
  `status` tinyint(1) DEFAULT '1' COMMENT '0 - bloqueado\n1 - ativo'
) ENGINE=InnoDB DEFAULT CHARSET=utf8;

--
-- Extraindo dados da tabela `usuarios`
--

INSERT INTO `usuarios` (`id`, `nome`, `cpf`, `senha`, `email`, `status`) VALUES
(1, 'Marcos Vinicius Soares Santos', '115.800.856-28', '202cb962ac59075b964b07152d234b70', 'marcos@tectotum.com.br', 1);

--
-- Indexes for dumped tables
--

--
-- Indexes for table `agendamentos`
--
ALTER TABLE `agendamentos`
  ADD PRIMARY KEY (`id`);

--
-- Indexes for table `agendas`
--
ALTER TABLE `agendas`
  ADD PRIMARY KEY (`id`);

--
-- Indexes for table `agendas_horarios`
--
ALTER TABLE `agendas_horarios`
  ADD PRIMARY KEY (`id`),
  ADD KEY `fk_horarios_agendas_idx` (`agendas_id`);

--
-- Indexes for table `banners`
--
ALTER TABLE `banners`
  ADD PRIMARY KEY (`id`);

--
-- Indexes for table `categorias_cirurgias`
--
ALTER TABLE `categorias_cirurgias`
  ADD PRIMARY KEY (`id`);

--
-- Indexes for table `cirurgias`
--
ALTER TABLE `cirurgias`
  ADD PRIMARY KEY (`id`),
  ADD KEY `fk_cirurgias_categorias_cirurgias1_idx` (`categorias_cirurgias_id`);

--
-- Indexes for table `clinica`
--
ALTER TABLE `clinica`
  ADD PRIMARY KEY (`id`);

--
-- Indexes for table `convenios`
--
ALTER TABLE `convenios`
  ADD PRIMARY KEY (`id`);

--
-- Indexes for table `corpo_clinico`
--
ALTER TABLE `corpo_clinico`
  ADD PRIMARY KEY (`id`);

--
-- Indexes for table `especialidades`
--
ALTER TABLE `especialidades`
  ADD PRIMARY KEY (`id`);

--
-- Indexes for table `itens_clinica`
--
ALTER TABLE `itens_clinica`
  ADD PRIMARY KEY (`id`);

--
-- Indexes for table `newsletter`
--
ALTER TABLE `newsletter`
  ADD PRIMARY KEY (`id`);

--
-- Indexes for table `noticias`
--
ALTER TABLE `noticias`
  ADD PRIMARY KEY (`id`);

--
-- Indexes for table `procedimentos_esteticos`
--
ALTER TABLE `procedimentos_esteticos`
  ADD PRIMARY KEY (`id`);

--
-- Indexes for table `secao1`
--
ALTER TABLE `secao1`
  ADD PRIMARY KEY (`id`);

--
-- Indexes for table `secao2`
--
ALTER TABLE `secao2`
  ADD PRIMARY KEY (`id`);

--
-- Indexes for table `secao3`
--
ALTER TABLE `secao3`
  ADD PRIMARY KEY (`id`);

--
-- AUTO_INCREMENT for dumped tables
--

--
-- AUTO_INCREMENT for table `agendamentos`
--
ALTER TABLE `agendamentos`
  MODIFY `id` int(11) NOT NULL AUTO_INCREMENT, AUTO_INCREMENT=12;

--
-- AUTO_INCREMENT for table `agendas`
--
ALTER TABLE `agendas`
  MODIFY `id` int(11) NOT NULL AUTO_INCREMENT, AUTO_INCREMENT=8;

--
-- AUTO_INCREMENT for table `agendas_horarios`
--
ALTER TABLE `agendas_horarios`
  MODIFY `id` int(11) NOT NULL AUTO_INCREMENT, AUTO_INCREMENT=13;

--
-- AUTO_INCREMENT for table `banners`
--
ALTER TABLE `banners`
  MODIFY `id` int(11) NOT NULL AUTO_INCREMENT, AUTO_INCREMENT=6;

--
-- AUTO_INCREMENT for table `categorias_cirurgias`
--
ALTER TABLE `categorias_cirurgias`
  MODIFY `id` int(11) NOT NULL AUTO_INCREMENT, AUTO_INCREMENT=5;

--
-- AUTO_INCREMENT for table `cirurgias`
--
ALTER TABLE `cirurgias`
  MODIFY `id` int(11) NOT NULL AUTO_INCREMENT, AUTO_INCREMENT=24;

--
-- AUTO_INCREMENT for table `clinica`
--
ALTER TABLE `clinica`
  MODIFY `id` int(11) NOT NULL AUTO_INCREMENT, AUTO_INCREMENT=2;

--
-- AUTO_INCREMENT for table `convenios`
--
ALTER TABLE `convenios`
  MODIFY `id` int(11) NOT NULL AUTO_INCREMENT, AUTO_INCREMENT=41;

--
-- AUTO_INCREMENT for table `corpo_clinico`
--
ALTER TABLE `corpo_clinico`
  MODIFY `id` int(11) NOT NULL AUTO_INCREMENT, AUTO_INCREMENT=12;

--
-- AUTO_INCREMENT for table `especialidades`
--
ALTER TABLE `especialidades`
  MODIFY `id` int(11) NOT NULL AUTO_INCREMENT, AUTO_INCREMENT=3;

--
-- AUTO_INCREMENT for table `itens_clinica`
--
ALTER TABLE `itens_clinica`
  MODIFY `id` int(11) NOT NULL AUTO_INCREMENT, AUTO_INCREMENT=13;

--
-- AUTO_INCREMENT for table `newsletter`
--
ALTER TABLE `newsletter`
  MODIFY `id` int(11) NOT NULL AUTO_INCREMENT, AUTO_INCREMENT=3;

--
-- AUTO_INCREMENT for table `noticias`
--
ALTER TABLE `noticias`
  MODIFY `id` int(11) NOT NULL AUTO_INCREMENT, AUTO_INCREMENT=8;

--
-- AUTO_INCREMENT for table `procedimentos_esteticos`
--
ALTER TABLE `procedimentos_esteticos`
  MODIFY `id` int(11) NOT NULL AUTO_INCREMENT, AUTO_INCREMENT=2;

--
-- AUTO_INCREMENT for table `secao1`
--
ALTER TABLE `secao1`
  MODIFY `id` int(11) NOT NULL AUTO_INCREMENT, AUTO_INCREMENT=2;

--
-- AUTO_INCREMENT for table `secao2`
--
ALTER TABLE `secao2`
  MODIFY `id` int(11) NOT NULL AUTO_INCREMENT, AUTO_INCREMENT=6;

--
-- AUTO_INCREMENT for table `secao3`
--
ALTER TABLE `secao3`
  MODIFY `id` int(11) NOT NULL AUTO_INCREMENT, AUTO_INCREMENT=6;

--
-- Constraints for dumped tables
--

--
-- Limitadores para a tabela `agendas_horarios`
--
ALTER TABLE `agendas_horarios`
  ADD CONSTRAINT `fk_horarios_agendas` FOREIGN KEY (`agendas_id`) REFERENCES `agendas` (`id`) ON DELETE NO ACTION ON UPDATE NO ACTION;

--
-- Limitadores para a tabela `cirurgias`
--
ALTER TABLE `cirurgias`
  ADD CONSTRAINT `fk_cirurgias_categorias_cirurgias1` FOREIGN KEY (`categorias_cirurgias_id`) REFERENCES `categorias_cirurgias` (`id`) ON DELETE NO ACTION ON UPDATE NO ACTION;
COMMIT;

/*!40101 SET CHARACTER_SET_CLIENT=@OLD_CHARACTER_SET_CLIENT */;
/*!40101 SET CHARACTER_SET_RESULTS=@OLD_CHARACTER_SET_RESULTS */;
/*!40101 SET COLLATION_CONNECTION=@OLD_COLLATION_CONNECTION */;
